Torque,Power,ARAI_Certified_Mileage,Ex-Showroom_Price
51Nm@4000rpm,38PS@5500rpm,23.6 km/litre,"Rs. 2,92,667"
51Nm@4000rpm,38PS@5500rpm,23.6 km/litre,"Rs. 2,36,447"
51Nm@4000rpm,38PS@5500rpm,,"Rs. 2,96,661"
51Nm@4000rpm,38PS@5500rpm,21.9 km/litre,"Rs. 3,34,768"
51Nm@4000rpm,38PS@5500rpm,23.6 km/litre,"Rs. 2,72,223"
51Nm@4000rpm,38PS@5500rpm,21.9 km/litre,"Rs. 3,14,815"
72Nm@4386rpm,54PS@5678rpm,25.17 km/litre,"Rs. 2,79,650"
72Nm@4386rpm,54PS@5678rpm,25.17 km/litre,"Rs. 3,51,832"
72Nm@4386rpm,54PS@5678rpm,25.17 km/litre,"Rs. 3,33,419"
72Nm@4386rpm,54PS@5678rpm,25.17 km/litre,"Rs. 3,62,000"
91Nm@4250RPM,68PS@5500rpm,22.5 km/litre,"Rs. 3,90,000"
91Nm@4250RPM,68PS@5500rpm,23 km/litre,"Rs. 4,37,065"
72Nm@4386rpm,54PS@5678rpm,25.17 km/litre,"Rs. 3,53,290"
72Nm@4386rpm,54PS@5678rpm,25.17 km/litre,"Rs. 2,83,290"
72Nm@4386rpm,54PS@5678rpm,25.17 km/litre,"Rs. 3,83,290"
72Nm@4386rpm,54PS@5678rpm,25.17 km/litre,"Rs. 4,13,290"
91Nm@4250RPM,68PS@5500rpm,23.01 km/litre,"Rs. 4,33,290"
91Nm@4250RPM,68PS@5500rpm,23.01 km/litre,"Rs. 4,54,490"
91Nm@4250RPM,68PS@5500rpm,24.04 km/litre,"Rs. 4,63,290"
91Nm@4250RPM,68PS@5500rpm,24.04 km/litre,"Rs. 4,84,490"
91Nm@4250RPM,68PS@5500rpm,23.01 km/litre,"Rs. 4,40,990"
91Nm@4250RPM,68PS@5500rpm,23.01 km/litre,"Rs. 4,70,990"
91Nm@4250RPM,68PS@5500rpm,23.01 km/litre,"Rs. 4,62,190"
91Nm@4250RPM,68PS@5500rpm,24.04 km/litre,"Rs. 4,92,190"
101Nm@3000rpm,73PS@6000rpm,15 km/litre,"Rs. 3,52,136"
101Nm@3000rpm,74PS@6000RPM,15 km/litre,"Rs. 3,80,573"
101Nm@3000rpm,73PS@6000rpm,15 km/litre,"Rs. 3,92,967"
85Nm@3000rpm,62PS@6000rpm,,"Rs. 4,66,057"
85Nm@3000rpm,62PS@6000rpm,,"Rs. 4,25,255"
90Nm@3500rpm,68PS@6000rpm,24.07 km/litre,"Rs. 3,77,588"
90Nm@3500rpm,68PS@6200rpm,24.07 km/litre,"Rs. 3,94,036"
90Nm@3500rpm,68PS@6000rpm,24.07 km/litre,"Rs. 3,60,843"
90Nm@3500rpm,68PS@6000rpm,24.07 km/litre,"Rs. 4,07,238"
78Nm@3500rpm,59PS@6000rpm,,"Rs. 4,39,777"
90Nm@3500rpm,68PS@6000rpm,24.07 km/litre,"Rs. 4,38,559"
104Nm@4000rpm,68PS@5000rpm,20.1 km/litre,"Rs. 3,74,990"
104Nm@4000rpm,68PS@5000rpm,20.1 km/litre,"Rs. 4,68,229"
104Nm@4000rpm,68PS@5000rpm,20.1 km/litre,"Rs. 5,02,492"
104Nm@4000rpm,68PS@5000rpm,20.1 km/litre,"Rs. 4,99,990"
104Nm@4000rpm,68PS@5000rpm,20.1 km/litre,"Rs. 4,69,990"
104Nm@4000rpm,68PS@5000rpm,20.1 km/litre,"Rs. 5,28,464"
104Nm@4000rpm,68PS@5000rpm,20.1 km/litre,"Rs. 5,53,015"
104Nm@4000rpm,78PS@5000rpm,20.1 km/litre,"Rs. 5,94,464"
104Nm@4000rpm,78PS@5000rpm,20.1 km/litre,"Rs. 6,18,015"
90Nm@3500rpm,68PS@6000rpm,23.1 km/litre,"Rs. 4,22,444"
78Nm@3500rpm,59bhp@6000rpm,,"Rs. 4,80,670"
99.04nm@4500RPM,69PS@5500rpm,20.3 km/litre,"Rs. 4,29,990"
99.04nm@4500RPM,69PS@5500rpm,20.3 km/litre,"Rs. 5,03,990"
99.04nm@4500RPM,59PS@5500RPM,,"Rs. 5,47,990"
10.1kgm@4500RPM,69PS@5500rpm,20.3 km/litre,"Rs. 5,30,990"
10.1kgm@4500RPM,69PS@5500rpm,20.3 km/litre,"Rs. 5,12,990"
8.3KGM@4500rpm,59PS@5500RPM,,"Rs. 5,78,990"
10.1kgm@4500RPM,69PS@5500rpm,20.3 km/litre,"Rs. 5,70,990"
99.04nm@4500RPM,69PS@5500rpm,20.3 km/litre,"Rs. 5,56,490"
114NM@3300rpm,86PS@6000rpm,23 km/litre,"Rs. 4,60,000"
114NM@3300rpm,86PS@6000rpm,23 km/litre,"Rs. 5,20,000"
114NM@3300rpm,86PS@6000rpm,23 km/litre,"Rs. 5,70,000"
114NM@3300rpm,86PS@6000rpm,23 km/litre,"Rs. 5,99,000"
114NM@3300rpm,86PS@6000rpm,23 km/litre,"Rs. 6,10,000"
114NM@3300rpm,86PS@6000rpm,24 km/litre,"Rs. 6,20,000"
114NM@3300rpm,86PS@6000rpm,24 km/litre,"Rs. 6,49,000"
114NM@3300rpm,86PS@6000rpm,24 km/litre,"Rs. 6,60,000"
90Nm@3500rpm,68PS@6000rpm,23.1 km/litre,"Rs. 4,81,074"
90Nm@3500rpm,68PS@6000rpm,23.1 km/litre,"Rs. 4,75,198"
90Nm@3500rpm,68PS@6000rpm,23.1 km/litre,"Rs. 5,18,198"
90Nm@3500rpm,68PS@6000rpm,23.1 km/litre,"Rs. 5,24,074"
90Nm@3500rpm,68PS@6000rpm,23.1 km/litre,"Rs. 4,99,734"
90Nm@3500rpm,68PS@6000rpm,23.1 km/litre,"Rs. 5,40,350"
90Nm@3500rpm,68PS@6000rpm,23.1 km/litre,"Rs. 5,42,735"
90Nm@3500rpm,68PS@6000rpm,23.1 km/litre,"Rs. 5,52,350"
113Nm@4200RPM,83PS@6000rpm,20.89 km/litre,"Rs. 7,13,898"
113Nm@4200RPM,83PS@6000rpm,20.89 km/litre,"Rs. 6,66,898"
113Nm@4200RPM,83PS@6000rpm,20.89 km/litre,"Rs. 6,07,841"
113Nm@4200RPM,83PS@6000rpm,20.89 km/litre,"Rs. 5,60,841"
113Nm@4200RPM,83PS@6000rpm,20.89 km/litre,"Rs. 4,83,320"
113Nm@4200RPM,83PS@6000rpm,20.89 km/litre,"Rs. 6,30,320"
113Nm@4200RPM,83PS@6000rpm,20.89 km/litre,"Rs. 5,83,320"
96Nm@3500rpm,72PS@62050rpm,20.5 km/litre,"Rs. 4,95,000"
96Nm@3500rpm,72PS@62050rpm,20.5 km/litre,"Rs. 5,59,000"
96Nm@3500rpm,72PS@62050rpm,20.5 km/litre,"Rs. 6,09,000"
96Nm@3500rpm,72PS@62050rpm,20.5 km/litre,"Rs. 6,63,000"
103.9Nm@3500-4250rpm,76.6PS@5800rpm,16 km/litre,"Rs. 5,06,000"
152Nm@2500RPM,64PS@4000rpm,16 km/litre,"Rs. 5,68,623"
103.9Nm@3500-4250rpm,76.6PS@5800rpm,16 km/litre,"Rs. 6,70,000"
152Nm@2250RPM,64PS@4000rpm,16 km/litre,"Rs. 6,03,000"
152Nm@2250RPM,64PS@4000rpm,16 km/litre,"Rs. 7,39,000"
183Nm@1800-2400rpm,72PS@4000rpm,23.7 km/litre,"Rs. 7,39,000"
104Nm@3100rpm,80PS@5600rpm,18.16 km/litre,"Rs. 5,20,300"
104Nm@3100rpm,80PS@5600rpm,18.16 km/litre,"Rs. 5,81,000"
170Nm@1800-2400rpm,68PS@3800rpm,23.59 km/litre,"Rs. 6,47,800"
104Nm@3100rpm,80PS@5600rpm,18.16 km/litre,"Rs. 6,30,000"
170Nm@1800-2400rpm,68PS@3800rpm,23.59 km/litre,"Rs. 7,45,000"
170Nm@1800-2400rpm,68PS@3800rpm,23.59 km/litre,"Rs. 7,04,000"
104Nm@3100rpm,80PS@5600rpm,18.16 km/litre,"Rs. 5,97,700"
170Nm@1800-2400rpm,68PS@3800rpm,23.59 km/litre,"Rs. 7,20,700"
104Nm@3100rpm,80PS@5600rpm,18.16 km/litre,"Rs. 6,41,700"
170Nm@1800-2400rpm,68PS@3800rpm,23.59 km/litre,"Rs. 7,56,700"
104Nm@3100rpm,80PS@5600rpm,18.16 km/litre,"Rs. 5,58,400"
170Nm@1800-2400rpm,68PS@3800rpm,23.59 km/litre,"Rs. 6,86,000"
104Nm@3100rpm,80PS@5600rpm,18.16 km/litre,"Rs. 6,62,700"
170Nm@1800-2400rpm,68PS@3800rpm,23.59 km/litre,"Rs. 7,77,700"
104Nm@4000rpm,68PS@5000rpm,18.97 km/litre,"Rs. 5,25,021"
104Nm@4000rpm,68PS@5000rpm,19.49 km/litre,"Rs. 5,99,950"
104Nm@4000rpm,68PS@5000rpm,18.97 km/litre,"Rs. 5,63,133"
190Nm@1750-3000rpm,75PS@4000rpm,22.95 km/litre,"Rs. 7,87,980"
190Nm@1750-3000rpm,75PS@4000rpm,22.95 km/litre,"Rs. 6,61,111"
190Nm@1750-3000rpm,75PS@4000rpm,22.95 km/litre,"Rs. 6,93,798"
190Nm@1750-3000rpm,75PS@4000rpm,22.95 km/litre,"Rs. 7,19,661"
140Nm@1500-4000rpm,90PS@5000rpm,17.57 km/litre,"Rs. 6,74,960"
140Nm@1500-4000rpm,90PS@5000rpm,17.57 km/litre,"Rs. 5,29,035"
140Nm@1500-4000rpm,90PS@5000rpm,17.57 km/litre,"Rs. 5,90,268"
140Nm@1500-4000rpm,90PS@5000rpm,17.57 km/litre,"Rs. 6,14,515"
114Nm@6000rpm,83PS@6000rpm,,"Rs. 5,56,130"
114Nm@6000rpm,83PS@6000rpm,15.7 km/litre,"Rs. 5,36,859"
114Nm@6000rpm,83PS@6000rpm,,"Rs. 5,56,130"
114Nm@6000rpm,81.8bhp@6000rpm,,"Rs. 5,36,859"
114Nm@6000rpm,70bhp@4000RPM,20.14 km/litre,"Rs. 6,39,616"
114Nm@6000rpm,71PS@4000rpm,20 km/litre,"Rs. 6,20,297"
190Nm@2000rpm,75PS@4000rpm,28.4 km/litre,"Rs. 6,53,523"
115Nm@4000rpm,83PS@6000rpm,22 km/litre,"Rs. 5,53,423"
115Nm@4000rpm,69bhp@6000rpm,,"Rs. 5,98,940"
115Nm@4000rpm,84PS@6000rpm,18.6 km/litre,"Rs. 5,59,693"
220Nm@1500rpm,90PS@4000rpm,22.54 km/litre,"Rs. 6,97,803"
115Nm@4000rpm,84PS@6000rpm,18.6 km/litre,"Rs. 6,34,950"
220Nm@1500rpm,90PS@4000rpm,22.54 km/litre,"Rs. 7,70,803"
115Nm@4000rpm,84PS@6000rpm,18.6 km/litre,"Rs. 7,21,693"
220Nm@1500rpm,90PS@4000rpm,22.54 km/litre,"Rs. 8,76,103"
114Nm@4000rpm,84PS@6000rpm,18.15 km/litre,"Rs. 8,08,993"
220Nm@1500-2750rpm,90PS@4000rpm,22.54 km/litre,"Rs. 9,34,003"
115Nm@4000rpm,83PS@6000rpm,18.6 km/litre,"Rs. 9,20,993"
115Nm@4000rpm,84PS@6000rpm,18.6 km/litre,"Rs. 7,51,693"
115Nm@4000rpm,84PS@6000rpm,18.6 km/litre,"Rs. 8,31,693"
220Nm@1500rpm,90PS@4000rpm,22.54 km/litre,"Rs. 8,46,103"
114Nm@4000rpm,83PS@6000rpm,20.5 km/litre,"Rs. 5,79,900"
114Nm@4000rpm,83PS@6000rpm,20.5 km/litre,"Rs. 6,55,900"
114Nm@4000rpm,83PS@6000rpm,20.1 km/litre,"Rs. 7,05,800"
114Nm@4000rpm,83PS@6000rpm,20.5 km/litre,"Rs. 7,29,900"
114Nm@4000rpm,83PS@6000rpm,20.1 km/litre,"Rs. 8,04,800"
114Nm@4000rpm,83PS@6000rpm,20.5 km/litre,"Rs. 7,85,900"
95Nm@4000rpm,69PS@6000rpm,20.5 km/litre,"Rs. 7,28,900"
172Nm@1500-4000rpm,100PS@6000rpm,20.5 km/litre,"Rs. 8,54,900"
190NM@1750-2250RPM,75PS@4000rpm,25.35 km/litre,"Rs. 7,73,800"
190NM@1750-2250RPM,75PS@4000rpm,20.4 km/litre,"Rs. 8,23,700"
190NM@1750-2250RPM,75PS@4000rpm,25.4 km/litre,"Rs. 9,22,700"
190NM@1750-2250RPM,75PS@4000rpm,25.35 km/litre,"Rs. 9,03,800"
95Nm@3000-4300rpm,76PS@6200RPM,18.78 km/litre,"Rs. 5,82,000"
95Nm@3000-4300rpm,76PS@6200RPM,18.78 km/litre,"Rs. 6,76,500"
95Nm@3000-4300rpm,76PS@6200RPM,18.78 km/litre,"Rs. 7,76,500"
230Nm@1500-2500rpm,90PS@4200rpm,20.14 km/litre,"Rs. 7,34,500"
230Nm@1500-2500rpm,90PS@4200rpm,20.14 km/litre,"Rs. 8,51,500"
230Nm@1500-2500rpm,90PS@4200rpm,20.14 km/litre,"Rs. 9,31,500"
175Nm@1500-4100rpm,105PS@5000rpm,17.21 km/litre,"Rs. 9,76,000"
250Nm@1500-2500rpm,110PS@4400rpm,19.91 km/litre,"Rs. 9,88,500"
115Nm@4000rpm,84.3PS@6000rpm,22 km/litre,"Rs. 5,82,613"
115Nm@4000rpm,84.3PS@6000rpm,22 km/litre,"Rs. 6,73,112"
190Nm@2000rpm,75PS@4000rpm,28.4 km/litre,"Rs. 6,66,622"
115Nm@4000rpm,84.3PS@6000rpm,22 km/litre,"Rs. 7,32,113"
190Nm@2000rpm,75PS@4000rpm,28.4 km/litre,"Rs. 7,57,622"
115Nm@4000rpm,84.3PS@6000rpm,22 km/litre,"Rs. 7,20,112"
190Nm@2000rpm,75PS@4000rpm,28.4 km/litre,"Rs. 8,63,122"
190Nm@2000rpm,75PS@4000rpm,28.4 km/litre,"Rs. 8,16,622"
115Nm@4000rpm,84.3PS@6000rpm,22 km/litre,"Rs. 8,21,613"
115Nm@4000rpm,84.3PS@6000rpm,22 km/litre,"Rs. 7,79,113"
115Nm@4000rpm,84.3PS@6000rpm,22 km/litre,"Rs. 8,68,613"
190Nm@2000rpm,75PS@4000rpm,28.4 km/litre,"Rs. 9,06,122"
190Nm@2000rpm,75PS@4000rpm,28.4 km/litre,"Rs. 8,04,622"
190Nm@2000rpm,75PS@4000rpm,28.4 km/litre,"Rs. 9,52,622"
215Nm@1750-3000RPM,100PS@3750RPM,24.4 km/litre,"Rs. 6,76,400"
215Nm@1750-3000RPM,100PS@3750RPM,24.4 km/litre,"Rs. 7,90,900"
215Nm@1750-3000RPM,100PS@3750RPM,24.4 km/litre,"Rs. 8,36,400"
120Nm@4250rpm,96PS@6500rpm,19 km/litre,"Rs. 5,91,400"
120Nm@4250rpm,96PS@6500rpm,19 km/litre,"Rs. 7,21,400"
120Nm@4250rpm,96PS@6500rpm,19 km/litre,"Rs. 7,56,400"
120Nm@4250rpm,96PS@6500rpm,19 km/litre,"Rs. 6,81,400"
215Nm@1750-3000RPM,100PS@3750RPM,24.4 km/litre,"Rs. 7,45,900"
250Nm@1500-2500rpm,110PS@4400rpm,21.66 km/litre,"Rs. 7,11,500"
250Nm@1500-2500rpm,110PS@4400rpm,21.66 km/litre,"Rs. 8,10,500"
250Nm@1500-2500rpm,110PS@4400rpm,21.73 km/litre,"Rs. 9,99,900"
250Nm@1500-2500rpm,110PS@4400rpm,21.66 km/litre,"Rs. 9,25,500"
95Nm@3000-4300rpm,76PS@6200RPM,19 km/litre,"Rs. 5,94,000"
95Nm@3000-4300rpm,76PS@6200RPM,19 km/litre,"Rs. 6,65,000"
95Nm@3000-4300rpm,76PS@6200RPM,19 km/litre,"Rs. 7,99,900"
250Nm@1500-2500rpm,110PS@4400rpm,21.73 km/litre,"Rs. 9,99,900"
120Nm@4250rpm,96PS@6500rpm,20.4 km/litre,"Rs. 5,98,500"
120Nm@4250rpm,96PS@6500rpm,20.4 km/litre,"Rs. 6,97,400"
120Nm@4250rpm,96PS@6500rpm,20.4 km/litre,"Rs. 6,63,400"
215Nm@1750-3000RPM,100PS@3750RPM,26.1 km/litre,"Rs. 6,99,400"
215Nm@1750-3000RPM,100PS@3750RPM,26.1 km/litre,"Rs. 7,37,400"
215Nm@1750-3000RPM,100PS@3750RPM,26.1 km/litre,"Rs. 7,77,400"
215Nm@1750-3000RPM,100PS@3750RPM,26.1 km/litre,"Rs. 8,17,400"
215Nm@1750-3000RPM,100PS@3700RPM,26.1 km/litre,"Rs. 8,62,400"
120Nm@4250rpm,96PS@6500rpm,19.4 km/litre,"Rs. 7,82,400"
120Nm@4250rpm,96PS@6500rpm,19.4 km/litre,"Rs. 7,37,400"
120Nm@4250rpm,96PS@6300rpm,,"Rs. 7,58,314"
120Nm@4250rpm,96PS@6500rpm,19.4 km/litre,"Rs. 7,62,400"
215Nm@1750-3000RPM,100PS@3750RPM,26.1 km/litre,"Rs. 8,42,400"
132Nm@3000rpm,90PS@5600rpm,16.78 km/litre,"Rs. 6,27,100"
132Nm@3000rpm,90PS@5600rpm,16.78 km/litre,"Rs. 7,18,600"
170Nm@1800-2400rpm,68PS@3800rpm,23.59 km/litre,"Rs. 7,34,700"
170Nm@1800-2400rpm,68PS@3800rpm,23.59 km/litre,"Rs. 8,28,600"
170Nm@1800-2400rpm,68PS@3800rpm,23.59 km/litre,"Rs. 8,88,400"
132Nm@3000rpm,90PS@5600rpm,16.78 km/litre,"Rs. 7,78,400"
132Nm@3000rpm,90PS@5600rpm,16.78 km/litre,"Rs. 6,89,600"
170Nm@1800-2400rpm,68PS@3800rpm,23.59 km/litre,"Rs. 7,99,600"
170Nm@1800-2400rpm,68PS@3800rpm,23.59 km/litre,"Rs. 9,13,400"
132Nm@3000rpm,90PS@5600rpm,16.78 km/litre,"Rs. 8,03,400"
132Nm@3000rpm,90PS@5600rpm,16.78 km/litre,"Rs. 8,02,000"
104Nm@3100rpm,80PS@5600rpm,17.71 km/litre,"Rs. 6,50,000"
170Nm@1800-2400rpm,68PS@3800rpm,23.59 km/litre,"Rs. 7,97,500"
170Nm@1800-2400rpm,68PS@3800rpm,23.59 km/litre,"Rs. 7,66,000"
104Nm@3100rpm,80PS@5600rpm,17.71 km/litre,"Rs. 6,68,500"
170Nm@1800-2400rpm,68PS@3800rpm,23.59 km/litre,"Rs. 8,16,000"
160Nm@2000rpm,65PS@4000rpm,20.08 km/litre,"Rs. 6,57,628"
160Nm@2000rpm,65PS@4000rpm,20.08 km/litre,"Rs. 6,85,729"
160Nm@2000rpm,65PS@4000rpm,20.08 km/litre,"Rs. 7,50,428"
209Nm@2000rpm,93PS@4000RPM,20 km/litre,"Rs. 6,77,618"
209Nm@2000rpm,93PS@4000RPM,20 km/litre,"Rs. 7,39,074"
210Nm@2000-4000RPM,140ps@5500rpm,17.1 km/litre,"Rs. 9,77,516"
209Nm@2000rpm,93PS@4000RPM,20 km/litre,"Rs. 8,10,211"
113Nm@4400 rpm,89PS@6000 rpm,23.87 km/litre,"Rs. 7,21,900"
113Nm@4200 rpm,82PS@6000 rpm,21.01 km/litre,"Rs. 7,58,200"
113Nm@4200 rpm,82PS@6000 rpm,19.56 km/litre,"Rs. 8,29,900"
113Nm@4200 rpm,82PS@6000 rpm,19.56 km/litre,"Rs. 8,90,200"
113Nm@4200 rpm,82PS@6000 rpm,19.56 km/litre,"Rs. 6,97,900"
209Nm@2000rpm,93PS@4000RPM,20.5 km/litre,"Rs. 7,96,132"
209Nm@2000rpm,93PS@4000RPM,20.5 km/litre,"Rs. 7,11,801"
209Nm@2000rpm,93PS@4000RPM,20.5 km/litre,"Rs. 8,76,341"
110Nm@4800rpm,90PS@6000rpm,18.2 km/litre,"Rs. 7,45,000"
110Nm@4800rpm,90PS@6000rpm,19 km/litre,"Rs. 9,09,000"
110Nm@4800rpm,90PS@6000rpm,18.2 km/litre,"Rs. 7,89,000"
110Nm@4800rpm,90PS@6000rpm,19 km/litre,"Rs. 8,65,000"
200Nm@1750rpm,100PS@3600rpm,27.3 km/litre,"Rs. 8,16,500"
200Nm@1750rpm,100PS@3600rpm,27.3 km/litre,"Rs. 8,96,500"
200Nm@1750rpm,100PS@3600rpm,27.3 km/litre,"Rs. 9,40,500"
110 Nm@4800rpm,89 bhp@6000rpm,18.2 km/litre,"Rs. 9,28,000"
350Nm@1750-2500rpm,173PS@3750rpm,16.3 km/litre,"Rs. 26,80,000"
350Nm@1750-2500rpm,173PS@3750rpm,16.3 km/litre,"Rs. 27,60,000"
380Nm@1800-2800rpm,177PS@3600rpm,13.8 km/litre,"Rs. 27,34,834"
380Nm@1800-2800rpm,177PS@3600rpm,13.8 km/litre,"Rs. 29,31,534"
420Nm@1600-2600rpm,178bhp@400rpm,12.35 km/litre,"Rs. 27,70,150"
420Nm @1600-2600,178Bhp @ 4000,12.05 km/litre,"Rs. 30,70,150"
340Nm@1750-2750rpm,141PS@4000rpm,17.06 km/litre,"Rs. 28,14,500"
340Nm@1750-2750rpm,141PS@4000rpm,17.06 km/litre,"Rs. 31,53,500"
189NM@4300rpm,154PS@6500rpm,14.4 km/litre,"Rs. 28,27,001"
300NM@2000rpm,120PS@4000RPM,19.5 km/litre,"Rs. 30,67,001"
300NM@2000rpm,120PS@4000RPM,18.3 km/litre,"Rs. 32,77,001"
250NM@1250-5000rpm,180PS@6200RPM,13.7 km/litre,"Rs. 28,99,599"
350Nm@1500-3500rpm,177PS@4000RPM,18.19 km/litre,"Rs. 31,49,599"
320Nm@1750-3000rpm,143PS@4000rpm,20.38 km/litre,"Rs. 30,21,200"
320Nm@1750-3000rpm,143PS@4000rpm,20.38 km/litre,"Rs. 32,21,200"
250NM@1250-5000rpm,150PS@6000RPM,19.2 km/litre,"Rs. 29,20,750"
250NM@1250-5000rpm,150PS@6000RPM,19.2 km/litre,"Rs. 31,20,750"
200Nm@1250-4000rpm,122PS@5000rpm,14.81 km/litre,"Rs. 29,88,311"
300Nm@1600-3000rpm,136PS@4400RPM,15 km/litre,"Rs. 30,89,851"
200Nm@1250-4000rpm,122PS@5000rpm,14.81 km/litre,"Rs. 31,98,662"
300Nm@1600-3000rpm,136PS@4400RPM,15 km/litre,"Rs. 33,03,282"
300Nm@1200-4000rpm,183PS@5500rpm,15.04 km/litre,"Rs. 35,99,000"
300Nm@1600-3000rpm,136PS@4400RPM,17.9 km/litre,"Rs. 31,72,000"
300Nm@1600-3000rpm,136PS@4400RPM,17.9 km/litre,"Rs. 36,99,000"
350Nm@1500-3500rpm,177PS@4000RPM,18.19 km/litre,"Rs. 32,99,599"
340Nm@1500-3500rpm,148bhp@4000RPM,18.19 km/litre,"Rs. 36,78,599"
350Nm@1500-3500rpm,177PS@4000RPM,18.19 km/litre,"Rs. 32,99,599"
340NM@2750-5000rpm,250PS@5500RPM,10 km/litre,"Rs. 34,07,407"
340Nm@1750-2750rpm,148hp@3500-4000rpm,15.73 km/litre,"Rs. 36,77,200"
380Nm@1750-2500rpm,177PS@4200rpm,15.73 km/litre,"Rs. 39,92,200"
380Nm@1750-2500rpm,177PS@4200rpm,15.73 km/litre,"Rs. 43,61,000"
250Nm@1750-2500rpm,150PS@4200rpm,16.9 km/litre,"Rs. 34,96,750"
270Nm@1750-2250rpm,116PS@4000rpm,21.15 km/litre,"Rs. 36,00,000"
280NM@1250-4600rpm,192PS@5000-6000rpm,14.59 km/litre,"Rs. 38,30,000"
400Nm,190bhp,,"Rs. 39,90,000"
400Nm,190bhp,,"Rs. 43,90,000"
300Nm@1750rpm,190PS@4000rpm,,"Rs. 39,90,000"
280NM@1250rpm,192PS@6200RPM,13.8 km/litre,"Rs. 41,20,000"
250Nm@1500-3500,150PS@5000-6000rpm,,"Rs. 41,49,000"
250Nm@1500-3500,150PS@5000-6000rpm,,"Rs. 45,07,000"
320 Nm@1450-4800rpm,231hp@5200-6200rpm,16.47 km/litre,"Rs. 43,50,000"
365Nm@1500-4000rpm,250PS@5500RPM,11 km/litre,"Rs. 44,98,000"
430NM@1750-2500rpm,180PS@4000rpm,11 km/litre,"Rs. 44,98,000"
430NM@1750-2500rpm,180PS@4000rpm,11 km/litre,"Rs. 46,33,000"
365Nm@1500-4000rpm,250PS@5500RPM,11 km/litre,"Rs. 46,33,000"
340Nm@1750-2000RPM,247PS@5500rpm,13.12 km/litre,"Rs. 54,36,329"
340Nm@1750-2000RPM,247PS@5500rpm,13.12 km/litre,"Rs. 60,73,446"
430Nm@1750-2000rpm,180ps@5500rpm,19.33 km/litre,"Rs. 61,38,811"
430Nm@1750-2000rpm,180ps@5500rpm,19.33 km/litre,"Rs. 55,06,622"
430Nm@1750-2000rpm,180ps@5500rpm,19.33 km/litre,"Rs. 49,77,080"
250 Nm @ 1250 RPM,148 bhp @ 5100 rpm,19.2 km/litre,"Rs. 50,38,000"
370Nm@1600-4500rpm,245PS@5000-6500rpm,14.11 km/litre,"Rs. 54,42,200"
370Nm@1600-4500rpm,245PS@5000-6500rpm,14.11 km/litre,"Rs. 59,42,200"
400Nm@1750-2500rpm,190PS@4000rpm,18.56 km/litre,"Rs. 59,30,000"
350 Nm @ 1450 rpm,248 bhp @ 5200 rpm,18.56 km/litre,"Rs. 58,80,000"
400Nm@1750-2500rpm,190PS@4000rpm,18.56 km/litre,"Rs. 56,00,000"
430NM@1750rpm,179PS@4000rpm,,"Rs. 57,06,000"
430NM@1750rpm,179PS@4000rpm,,"Rs. 60,89,000"
400NM@1750rpm,190PS@4250rpm,,"Rs. 58,90,000"
500Nm@1370-4500rpm,333PS@5400-6400RPM,13.57 km/litre,"Rs. 72,43,000"
620Nm@1500-2500rpm,265HP@4000rpm,13.38 km/litre,"Rs. 73,30,000"
620Nm@1500-2500rpm,265HP@4000rpm,13.38 km/litre,"Rs. 82,90,000"
450Nm@1500-5200rpm,340HP@4000rpm,11.24 km/litre,"Rs. 82,90,000"
515Nm@4250-4300RPM,401PS@6550RPM,13 km/litre,"Rs. 74,62,000"
570Nm@2000rpm,240PS@3600rpm,12.8 km/litre,"Rs. 78,82,867"
570Nm@2000rpm,240PS@3600rpm,12.8 km/litre,"Rs. 89,31,819"
624 Nm @ 4100 rpm,468 bhp @ 6250 rpm,12.8 km/litre,"Rs. 1,14,00,000"
347Nm@4300rpm,286PS@6350rpm,8.61 km/litre,"Rs. 75,15,000"
480Nm@1600-4000RPM,334PS@6000RPM,10 km/litre,"Rs. 77,11,338"
550Nm@2350-5230rpm,410hp@5230-7000RPM,9.8-10.0 km/litre,"Rs. 81,80,000"
380Nm@1950-4500RPM,300PS@6500rpm,7.4 km/litre,"Rs. 89,95,000"
380Nm@1950-4500RPM,300PS@6500rpm,7.4 km/litre,"Rs. 85,95,000"
619Nm@1600-2400RPM,258PS@3600rpm,11.6 km/litre,"Rs. 88,20,000"
760Nm@5250RPM,557PS@5500RPM,12 km/litre,"Rs. 1,91,99,181"
480Nm@5250rpm,333PS@5250rpm,12 km/litre,"Rs. 87,76,900"
480Nm@5250rpm,333PS@5250rpm,12 km/litre,"Rs. 86,90,000"
619Nm@1600-2400RPM,258PS@3600rpm,11.6 km/litre,"Rs. 86,90,000"
410Nm@1600-2800rpm,173PS@3400rpm,11.13 km/litre,"Rs. 96,30,000"
335Nm@4600rpm,262PS@6000rpm,18 km/litre,"Rs. 99,00,000"
600Nm@1900-5000rpm,450PS@5700-6700rpm,10.8 km/litre,"Rs. 1,11,41,200"
620Nm@2000-2500RPM,265PS@4000RPM,17.66 km/litre,"Rs. 1,22,90,000"
620Nm@2000-2500RPM,265PS@4000RPM,17.66 km/litre,"Rs. 1,32,00,000"
620Nm@2000-2500RPM,265PS@4000RPM,17.66 km/litre,"Rs. 1,35,10,000"
450Nm@1500-5200rpm,340PS@5500-6500RPM,11.86 km/litre,"Rs. 1,35,10,000"
450Nm@1380-5000RPM,286PS@5000-6000RPM,,"Rs. 1,65,00,000"
850Nm@1550-5000RPM,609PS@5400-6500RPM,7.96 km/litre,"Rs. 2,42,50,000"
500Nm@1370rpm,340PS@5000rpm,,"Rs. 1,33,59,500"
620Nm@1600-2400rpm,258PS@3600rpm,13.5 km/litre,"Rs. 1,35,58,438"
480Nm@1600-4000RPM,333PS@6000RPM,7.8 km/litre,"Rs. 1,39,76,653"
900Nm@2750-4500rpm,450PS@5500-6000RPM,14 km/litre,"Rs. 2,55,00,000"
600Nm@2000-2600rpm,275PS@4000rpm,7.9 km/litre,"Rs. 1,45,12,054"
500Nm@4500-5000rpm,350PS@5750rpm,7.9 km/litre,"Rs. 1,48,63,774"
580Nm@4500-5000rpm,430PS@5750rpm,7.9 km/litre,"Rs. 1,53,83,399"
850Nm@2500-3500rpm,585hp@6000rpm,,"Rs. 2,18,75,136"
600Nm@2500rpm,289PS@1200rpm,,"Rs. 1,50,00,000"
500Nm@1370rpm,340PS@5000rpm,,"Rs. 1,56,00,000"
520NM@4750rpm,460PS@7000RPM,10 km/litre,"Rs. 1,72,29,579"
600Nm@2000-2600rpm,275PS@7000rpm,7.9 km/litre,"Rs. 1,79,00,000"
350Nm@5100rpm,299PS@6600rpm,,"Rs. 1,96,00,000"
1000Nm@2300-4300rpm,630PS@4800RPM,7.8 km/litre,"Rs. 2,73,08,312"
700Nm@1800-3500RPM,453PS@5500RPM,7.8 km/litre,"Rs. 1,98,90,000"
770Nm@1960 - 4500rpm,550PS@6000RPM,10.63 km/litre,"Rs. 2,12,63,000"
770Nm@1960 - 4500rpm,550PS@6000RPM,10.63 km/litre,"Rs. 2,26,13,000"
770Nm@1960 - 4500rpm,550PS@6000RPM,10.63 km/litre,"Rs. 2,17,47,000"
650Nm@1600-2600rpm,261PS@6000rpm,18 km/litre,"Rs. 2,32,90,000"
700Nm@1800-3500RPM,455PS@5500RPM,7.8 km/litre,"Rs. 2,34,91,293"
560Nm@6500rpm,610PS@8250rpm,6.71 km/litre,"Rs. 2,72,45,000"
850Nm@2250-4500rpm,650PS@6000rpm,7.8 km/litre,"Rs. 3,00,00,000"
720Nm@1800rpm,590PS@6000rpm,8.6 km/litre,"Rs. 3,37,91,059"
755NM@4750rpm,560PS@7500rpm,9 km/litre,"Rs. 3,50,00,000"
900Nm@1350rpm,608PS@6000RPM,19 km/litre,"Rs. 4,59,41,557"
770Nm@1350rpm,550PS@6000RPM,8.77 km/litre,"Rs. 3,75,42,069"
700Nm@1500rpm,608PS@6500rpm,,"Rs. 4,04,56,503"
540Nm@6000rpm,605PS@9000rpm,9 km/litre,"Rs. 4,25,31,500"
780Nm@1700rpm,563PS@5250rpm,17.3 km/litre,"Rs. 4,67,09,733"
780 Nm @ 1500-5000 rpm,570 bhp @ 5250 rpm,7.29 km/litre,"Rs. 5,32,47,201"
800Nm@1500-5500rpm,625PS@5600rpm,10.2 km/litre,"Rs. 5,00,25,840"
1020Nm@1750rpm,512PS@4200rpm,9.5 km/litre,"Rs. 5,25,71,294"
850 Nm@1600rpm,563@5000rpm,22.4-21.9 km/litre,"Rs. 6,95,00,000"
720Nm@3500rpm,460PS@5350rpm,22.8 km/litre,"Rs. 7,73,12,661"
1600Nm@2000-6000rpm,1479bhp@6700rpm,5.95 km/litre,"Rs. 19,21,42,937"
1479bhp@6700rpm,1600Nm@2000-6000rpm,5.95 km/litre,"Rs. 21,21,55,397"
18.9Nm@4000rpm,13bhp@5500rpm,35 km/litre,"Rs. 2,63,000"
16.1Nm@4000rpm,12bhp@5500rpm,,"Rs. 2,83,000"
69Nm@3500rpm,48PS@6000rpm,22.05 km/litre,"Rs. 2,94,800"
69Nm@3500rpm,48PS@6000rpm,22.05 km/litre,"Rs. 2,99,900"
69Nm@3500rpm,47hp@6000rpm,22.05 km/litre,"Rs. 3,52,900"
69Nm@3500rpm,48PS@6000rpm,22.05 km/litre,"Rs. 3,57,200"
69Nm@3500rpm,48PS@6000rpm,22.05 km/litre,"Rs. 3,76,100"
69Nm@3500rpm,47hp@6000rpm,22.05 km/litre,"Rs. 4,05,570"
69Nm@3500rpm,48PS@6000rpm,22.05 km/litre,"Rs. 4,09,190"
69Nm@3500rpm,48PS@6000rpm,22.05 km/litre,"Rs. 3,89,600"
90Nm@3500rpm,67PS@5500rpm,21.4 km/litre,"Rs. 3,70,500"
90Nm@3500rpm,67PS@5500rpm,21.4 km/litre,"Rs. 3,76,500"
90Nm@3500rpm,67PS@5500rpm,21.4 km/litre,"Rs. 4,09,000"
90Nm@3500rpm,67PS@5500rpm,21.4 km/litre,"Rs. 4,15,000"
90Nm@3500rpm,67PS@5500rpm,21.7 km/litre,"Rs. 4,32,500"
90Nm@3500rpm,67PS@5500rpm,21.7 km/litre,"Rs. 4,38,500"
90Nm@3500rpm,67PS@5500rpm,21.7 km/litre,"Rs. 4,75,500"
90Nm@3500rpm,67PS@5500rpm,21.7 km/litre,"Rs. 4,56,000"
90Nm@3500rpm,67PS@5500rpm,21.7 km/litre,"Rs. 4,81,500"
90Nm@3500rpm,67PS@5500rpm,21.7 km/litre,"Rs. 4,99,000"
90Nm@3500rpm,68PS@6000rpm,23.1 km/litre,"Rs. 4,26,289"
90Nm@3500rpm,68PS@6000rpm,23.1 km/litre,"Rs. 4,65,138"
90Nm@3500rpm,68PS@6000rpm,23.1 km/litre,"Rs. 5,08,138"
90Nm@3500rpm,68PS@6000rpm,23.1 km/litre,"Rs. 4,90,924"
90Nm@3500rpm,68PS@6000rpm,23.1 km/litre,"Rs. 5,31,279"
78Nm@3500rpm,59PS@6000rpm,,"Rs. 5,30,000"
90Nm@3500rpm,68PS@6000rpm,23.1 km/litre,"Rs. 5,33,924"
90Nm@3500rpm,68PS@6000rpm,23.1 km/litre,"Rs. 4,34,659"
90Nm@3500rpm,68PS@6000rpm,23.1 km/litre,"Rs. 4,72,257"
90Nm@3500rpm,68PS@6000rpm,23.1 km/litre,"Rs. 5,15,257"
90Nm@3500rpm,68PS@6000rpm,23.1 km/litre,"Rs. 5,43,279"
16.3Nm@1500-2750RPM,71PS@4000rpm,,"Rs. 5,51,530"
16.3Nm@1500-2750RPM,71PS@4000rpm,,"Rs. 5,68,930"
114Nm@4000rpm,83PS@6000rpm,19.77 km/litre,"Rs. 4,60,369"
114Nm@4000rpm,83PS@6000rpm,19.77 km/litre,"Rs. 4,77,511"
114Nm@4000rpm,83PS@6000rpm,,"Rs. 5,45,946"
114Nm@4000rpm,83PS@6000rpm,,"Rs. 5,28,804"
115NM@3500-3600RPM,82PS@5500RPM,18.15 km/litre,"Rs. 4,88,194"
115NM@3500-3600RPM,82PS@5500RPM,18.15 km/litre,"Rs. 5,32,184"
190NM@1750-2250RPM,77PS@3750RPM,25.32 km/litre,"Rs. 5,90,798"
190NM@1750-2250RPM,77PS@3750RPM,25.32 km/litre,"Rs. 6,19,243"
190NM@1750-2250RPM,77PS@3750RPM,25.32 km/litre,"Rs. 6,67,273"
115NM@3500-3600RPM,82PS@5500RPM,18.15 km/litre,"Rs. 5,79,645"
115NM@3500-3600RPM,82PS@5500RPM,18.15 km/litre,"Rs. 6,31,144"
190NM@1750-2250RPM,77PS@3750RPM,25.32 km/litre,"Rs. 7,54,548"
115NM@3500-3600RPM,82PS@5500RPM,18.15 km/litre,"Rs. 6,93,550"
190NM@1750-2250RPM,77PS@3750RPM,25.32 km/litre,"Rs. 7,87,304"
115NM@3500-3600RPM,82PS@5500RPM,18.15 km/litre,"Rs. 7,01,045"
190NM@1750-2250RPM,77PS@3750RPM,25.32 km/litre,"Rs. 7,94,800"
115NM@3500-3600RPM,82PS@5500RPM,18.15 km/litre,"Rs. 5,73,250"
115NM@3500-3600RPM,82PS@5500RPM,18.15 km/litre,"Rs. 6,31,146"
115NM@3500-3600RPM,82PS@5500RPM,18.15 km/litre,"Rs. 6,87,175"
190NM@1750-2250RPM,77PS@3750RPM,25.32 km/litre,"Rs. 6,60,832"
190NM@1750-2250RPM,77PS@3750RPM,25.32 km/litre,"Rs. 7,48,128"
190NM@1750-2250RPM,77PS@3750RPM,25.32 km/litre,"Rs. 7,80,884"
190NM@1750-2250RPM,77PS@3750RPM,25.32 km/litre,"Rs. 5,50,155"
190NM@1750-2250RPM,77PS@3750RPM,25.32 km/litre,"Rs. 5,59,741"
115NM@3500-3600RPM,82PS@5500RPM,18.15 km/litre,"Rs. 5,24,312"
115NM@3500-3600RPM,82PS@5500RPM,18.15 km/litre,"Rs. 5,42,913"
113Nm@4200RPM,83PS@6000rpm,20.4 km/litre,"Rs. 5,19,000"
113Nm@4200RPM,83PS@6000rpm,20.4 km/litre,"Rs. 6,19,000"
113Nm@4200RPM,83PS@6000rpm,20.4 km/litre,"Rs. 6,66,000"
113Nm@4200RPM,83PS@6000rpm,20.4 km/litre,"Rs. 6,78,000"
113Nm@4200RPM,83PS@6000rpm,20.4 km/litre,"Rs. 7,25,000"
113Nm@4200RPM,83PS@6000rpm,20.4 km/litre,"Rs. 7,58,000"
190Nm@2000rpm,75PS@4000rpm,25.2 km/litre,"Rs. 5,99,000"
190Nm@2000rpm,75PS@4000rpm,25.2 km/litre,"Rs. 6,98,000"
190Nm@2000rpm,75PS@4000rpm,25.2 km/litre,"Rs. 7,45,000"
190Nm@2000rpm,75PS@4000rpm,25.2 km/litre,"Rs. 7,57,000"
190Nm@2000rpm,75PS@4000rpm,25.2 km/litre,"Rs. 8,04,000"
190Nm@2000rpm,75PS@4000rpm,25.2 km/litre,"Rs. 8,38,000"
113Nm@4200RPM,83PS@6000rpm,20.4 km/litre,"Rs. 8,02,000"
190Nm@2000rpm,75PS@4000rpm,25.2 km/litre,"Rs. 8,84,000"
113Nm@3300rpm,86PS@6000rpm,18 km/litre,"Rs. 5,29,000"
113Nm@3300rpm,86PS@6000rpm,,"Rs. 6,15,000"
113Nm@3300rpm,86PS@6000rpm,,"Rs. 6,84,000"
113Nm@3300rpm,86PS@6000rpm,,"Rs. 7,44,000"
113Nm@3300rpm,86PS@6000rpm,,"Rs. 7,69,000"
200Nm@1250-3000rpm,90PS@4000rpm,25 km/litre,"Rs. 6,99,000"
200Nm@1250-3000rpm,90PS@4000rpm,,"Rs. 7,75,000"
200Nm@1250-3000rpm,90PS@4000rpm,,"Rs. 8,44,000"
200Nm@1250-3000rpm,90PS@4000rpm,,"Rs. 9,04,000"
200Nm@1250-3000rpm,90PS@4000rpm,,"Rs. 9,29,000"
240Nm@2000-2500RPM,101.4PS@3600RPM,11.12 km/litre,"Rs. 6,42,478"
270Nm@2500RPM,122PS@4000RPM,11.12 km/litre,"Rs. 5,89,678"
270Nm@2500RPM,122PS@4000RPM,11.12 km/litre,"Rs. 6,89,761"
270Nm@2500RPM,122PS@4000RPM,11.12 km/litre,"Rs. 7,88,177"
240Nm@2000-2500RPM,101.4PS@3600RPM,11.12 km/litre,"Rs. 26,50,777"
270Nm@2500RPM,122PS@4000RPM,11.12 km/litre,"Rs. 6,28,072"
270Nm@2500RPM,122PS@4000RPM,11.12 km/litre,"Rs. 9,00,967"
240Nm@2000-2500RPM,101.4PS@3600RPM,11.12 km/litre,"Rs. 14,65,148"
270Nm@2500RPM,122PS@4000RPM,11.12 km/litre,"Rs. 5,52,890"
270Nm@2500RPM,122PS@4000RPM,11.12 km/litre,"Rs. 9,27,689"
270Nm@2500RPM,122PS@4000RPM,11.12 km/litre,"Rs. 8,35,275"
113Nm@3300rpm,86PS@6000rpm,23 km/litre,"Rs. 5,75,000"
113Nm@3300rpm,86PS@6000rpm,23 km/litre,"Rs. 6,10,000"
113Nm@3300rpm,86PS@6000rpm,23 km/litre,"Rs. 6,50,000"
113Nm@3300rpm,86PS@6000rpm,23 km/litre,"Rs. 6,99,000"
113Nm@3300rpm,86PS@6000rpm,23 km/litre,"Rs. 6,60,000"
113Nm@3300rpm,86PS@6000rpm,23 km/litre,"Rs. 7,49,000"
140Nm@1500-4000rpm,90PS@5000rpm,17.6 km/litre,"Rs. 5,82,287"
190Nm@1750-3000rpm,75PS@4000rpm,23 km/litre,"Rs. 7,02,946"
140Nm@1500-4000rpm,90PS@5000rpm,17.6 km/litre,"Rs. 6,53,926"
140Nm@1500-4000rpm,90PS@5000rpm,17.6 km/litre,"Rs. 6,72,641"
140Nm@1750-3000rpm,90PS@5000rpm,17.6 km/litre,"Rs. 7,32,475"
190Nm@1750-3000rpm,75PS@4000rpm,23 km/litre,"Rs. 7,67,317"
190Nm@1750-3000rpm,75PS@4000rpm,20.65 km/litre,"Rs. 7,93,898"
200NM@1750-3000rpm,90PS@4000rpm,23 km/litre,"Rs. 8,55,362"
190Nm@1750-3000rpm,75PS@4000rpm,23 km/litre,"Rs. 8,36,320"
200NM@1750-3000rpm,90PS@4000rpm,23 km/litre,"Rs. 9,89,000"
190Nm@1750-3000rpm,75PS@4000rpm,20.65 km/litre,"Rs. 7,88,797"
110Nm@4800rpm,90PS@6000rpm,19 km/litre,"Rs. 7,63,000"
200Nm@1750rpm,100PS@3600rpm,27.4 km/litre,"Rs. 7,05,000"
110Nm@4800rpm,90PS@6000rpm,19.5 km/litre,"Rs. 5,93,000"
160Nm@1750rpm,80PS@3600rpm,23.8 km/litre,"Rs. 8,65,000"
110Nm@4800rpm,90PS@6000rpm,19 km/litre,"Rs. 8,23,000"
160Nm@1750rpm,80PS@3600rpm,23.8 km/litre,"Rs. 9,25,000"
200Nm@1750rpm,100PS@3600rpm,27.4 km/litre,"Rs. 7,85,000"
200Nm@1750rpm,100PS@3600rpm,27.4 km/litre,"Rs. 8,93,000"
200Nm@1750rpm,100PS@3600rpm,27.4 km/litre,"Rs. 8,45,000"
110Nm@4800rpm,90PS@6000rpm,19.5 km/litre,"Rs. 7,81,000"
110Nm@4800rpm,90PS@6000rpm,19.5 km/litre,"Rs. 7,33,000"
110Nm@4800rpm,90PS@6000rpm,19.5 km/litre,"Rs. 6,73,000"
200Nm@1750rpm,100PS@3600rpm,27.4 km/litre,"Rs. 9,06,000"
110Nm@4800rpm,90PS@6000rpm,19.5 km/litre,"Rs. 7,94,000"
200Nm@1750rpm,100PS@3600rpm,27.4 km/litre,"Rs. 9,66,000"
110Nm@4800rpm,90PS@6000rpm,19.5 km/litre,"Rs. 8,64,000"
200Nm@1750rpm,100PS@3600rpm,27.4 km/litre,"Rs. 9,79,300"
110Nm@4800rpm,90PS@6000rpm,19.5 km/litre,"Rs. 8,77,300"
200Nm@1750rpm,100PS@3600rpm,27.4 km/litre,"Rs. 9,06,300"
110Nm@4800rpm,90PS@6000rpm,19.5 km/litre,"Rs. 7,94,300"
103Nm@4500RPM,80PS@6000rpm,11.9 km/litre,"Rs. 6,37,343"
103Nm@4500RPM,80PS@6000rpm,11.9 km/litre,"Rs. 6,22,730"
112.7Nm@4000rpm,82hp@6000rpm,17.52 km/litre,"Rs. 6,55,000"
172Nm@4000rpm,117hp@6000rpm,18.27 km/litre,"Rs. 8,26,000"
220Nm@1500-2750rpm,89hp@4000rpm,23.7 km/litre,"Rs. 7,80,000"
172Nm@1500-4000rpm,117bhp@6000rpm,18.27 km/litre,"Rs. 9,59,000"
172Nm@1500-4000rpm,117hp@6000rpm,18.27 km/litre,"Rs. 9,74,000"
1712Nm@1500-4000rpm,117hp@6000rpm,18.27 km/litre,"Rs. 10,65,000"
172Nm@4000rpm,118hp@6000rpm,18.15 km/litre,"Rs. 9,40,000"
172Nm@1500-4000rpm,118@6000rpm,18.15 km/litre,"Rs. 11,15,500"
115Nm@4000rpm,82hp@6000rpm,17.52 km/litre,"Rs. 7,25,000"
220Nm@1500-2750rpm,89hp@4000rpm,23.7 km/litre,"Rs. 8,50,000"
220Nm@1500-2750rpm,89hp@4000rpm,23.7 km/litre,"Rs. 9,83,000"
220Nm@1500-2750rpm,89hp@4000rpm,23.7 km/litre,"Rs. 9,98,000"
22.4,90PS,23.7 km/litre,"Rs. 10,89,000"
170Nm@1500-2750rpm,110PS@5000rpm,17.6 km/litre,"Rs. 6,95,000"
170Nm@1500-2750rpm,110PS@5000rpm,17.6 km/litre,"Rs. 7,70,000"
170Nm@1500-2750rpm,110PS@5000rpm,17.6 km/litre,"Rs. 8,70,000"
170Nm@1500-2750rpm,110PS@5000rpm,17.6 km/litre,"Rs. 9,50,000"
170Nm@1500-2750rpm,110PS@5000rpm,17.6 km/litre,"Rs. 9,70,000"
170Nm@1500-2750rpm,110PS@5000rpm,17.6 km/litre,"Rs. 10,40,000"
170Nm@1500-2750rpm,110PS@5000rpm,17.6 km/litre,"Rs. 10,60,000"
170Nm@1500-2750rpm,110PS@5000rpm,17.6 km/litre,"Rs. 8,30,000"
170Nm@1500-2750rpm,110PS@5000rpm,17.6 km/litre,"Rs. 10,10,000"
170Nm@1500-2750rpm,110PS@5000rpm,17.6 km/litre,"Rs. 10,30,000"
170Nm@1500-2750rpm,110PS@5000rpm,17.6 km/litre,"Rs. 11,00,000"
170Nm@1500-2750rpm,110PS@5000rpm,17.6 km/litre,"Rs. 11,20,000"
260Nm@1500-2750rpm,110PS@3750RPM,23.97 km/litre,"Rs. 8,45,000"
260Nm@1500-2750rpm,110PS@3750RPM,23.97 km/litre,"Rs. 9,20,000"
260Nm@1500-2750rpm,110PS@3750RPM,23.97 km/litre,"Rs. 10,20,000"
260Nm@1500-2750rpm,110PS@3750RPM,23.97 km/litre,"Rs. 11,00,000"
260Nm@1500-2750rpm,110PS@3750RPM,23.97 km/litre,"Rs. 11,20,000"
260Nm@1500-2750rpm,110PS@3750RPM,23.97 km/litre,"Rs. 11,90,000"
260Nm@1500-2750rpm,110PS@3750RPM,23.97 km/litre,"Rs. 12,10,000"
260Nm@1500-2750rpm,110PS@3750RPM,23.97 km/litre,"Rs. 9,80,000"
260Nm@1500-2750rpm,110PS@3750RPM,23.97 km/litre,"Rs. 11,60,000"
260Nm@1500-2750rpm,110PS@3750RPM,23.97 km/litre,"Rs. 11,80,000"
260Nm@1500-2750rpm,110PS@3750RPM,23.97 km/litre,"Rs. 12,50,000"
260Nm@1500-2750rpm,110PS@3750RPM,23.97 km/litre,"Rs. 12,70,000"
207Nm@4500rpm,114PS@5000rpm,15.7 km/litre,"Rs. 7,15,860"
209Nm@2000rpm,93PS@4000RPM,20.4 km/litre,"Rs. 8,62,175"
209Nm@2000rpm,93PS@4000RPM,20.4 km/litre,"Rs. 9,32,025"
209Nm@2000rpm,93PS@5000RPM,20.4 km/litre,"Rs. 9,91,434"
207Nm@2200rpm,114PS@5000rpm,15.7 km/litre,"Rs. 9,97,763"
195Nm@1400-2200rpm,70ps@3600rpm,16.5 km/litre,"Rs. 8,86,398"
195Nm@1400-2200rpm,70ps@3600rpm,16.5 km/litre,"Rs. 8,51,302"
195Nm@1400-2200rpm,70ps@3600rpm,16.5 km/litre,"Rs. 7,85,656"
195Nm@1400-2200rpm,70 bhp @ 3600 rpm,16.5 km/litre,"Rs. 7,49,192"
,63PS@3200rpm,15.96 km/litre,"Rs. 8,59,497"
195Nm@1440-2200RPM,63.9PS@3200RPM,15.96 km/litre,"Rs. 8,19,117"
200Nm@1750rpm,90PS@4000rpm,24.3 km/litre,"Rs. 7,62,742"
200Nm@1750rpm,90PS@4000rpm,24.3 km/litre,"Rs. 8,14,742"
200Nm@1750rpm,90PS@4000rpm,24.3 km/litre,"Rs. 8,92,243"
200Nm@1750rpm,90PS@4000rpm,24.3 km/litre,"Rs. 9,87,743"
200Nm@1750rpm,90PS@4000rpm,24.3 km/litre,"Rs. 10,03,552"
200Nm@1750rpm,90PS@4000rpm,24.3 km/litre,"Rs. 10,37,742"
200Nm@1750rpm,90PS@4000rpm,24.3 km/litre,"Rs. 8,64,742"
200Nm@1750rpm,90PS@4000rpm,24.3 km/litre,"Rs. 9,42,243"
200Nm@1750rpm,90PS@4000rpm,24.3 km/litre,"Rs. 10,59,742"
114Nm@4000rpm,83PS@6000rpm,17.19 km/litre,"Rs. 7,74,035"
114Nm@4000rpm,83PS@6000rpm,17.19 km/litre,"Rs. 8,58,536"
114Nm@4000rpm,83PS@6000rpm,17.19 km/litre,"Rs. 8,82,298"
220Nm@1500-2750rpm,90PS@4000rpm,21.19 km/litre,"Rs. 9,93,393"
150Nm@4500rpm,123PS@6500rpm,17 km/litre,"Rs. 7,91,000"
150Nm@4500rpm,123PS@6500rpm,17 km/litre,"Rs. 8,71,000"
150Nm@4500rpm,123PS@6500rpm,17 km/litre,"Rs. 9,50,000"
150Nm@4500rpm,123PS@6500rpm,14.8 km/litre,"Rs. 11,30,000"
205Nm@1750-3250rpm,100PS@3750RPM,23 km/litre,"Rs. 8,41,000"
205Nm@1750-3250rpm,100PS@3750RPM,23 km/litre,"Rs. 9,21,000"
205Nm@1750-3250rpm,100PS@3750RPM,23 km/litre,"Rs. 9,99,900"
205Nm@1750-3250rpm,100PS@3750RPM,23 km/litre,"Rs. 10,90,000"
150Nm@4500rpm,123PS@6500rpm,23 km/litre,"Rs. 9,99,900"
205Nm@1750-3250rpm,100PS@3750RPM,23 km/litre,"Rs. 11,45,000"
150Nm@4500rpm,123PS@6500rpm,23 km/litre,"Rs. 9,99,900"
205Nm@1750-3250rpm,100PS@3750RPM,23 km/litre,"Rs. 10,90,000"
142Nm@4000rpm,106PS@5600rpm,13.87 km/litre,"Rs. 7,99,990"
142Nm@4000rpm,106PS@5600rpm,13.87 km/litre,"Rs. 9,19,990"
142Nm@4000rpm,106PS@5600rpm,13.87 km/litre,"Rs. 9,99,990"
200Nm@1750rpm,85PS@3750rpm,19.6 km/litre,"Rs. 9,29,990"
200Nm@1750rpm,85PS@3750rpm,19.6 km/litre,"Rs. 9,99,990"
245Nm@1750rpm,110PS@4000rpm,19.6 km/litre,"Rs. 11,19,990"
245Nm@1750rpm,110PS@4000rpm,19.6 km/litre,"Rs. 12,09,990"
245Nm@1750rpm,110PS@4000rpm,19.6 km/litre,"Rs. 12,49,990"
245Nm@1750rpm,110PS@4000rpm,19.6 km/litre,"Rs. 12,49,990"
151Nm@4850rpm,123PS@6400rpm,17.7 km/litre,"Rs. 9,99,900"
260Nm@1500-3000rpm,128ps@4000rpm,23.9 km/litre,"Rs. 11,72,544"
260Nm@1500-3000rpm,128ps@4000rpm,23.5 km/litre,"Rs. 13,01,881"
151Nm@4850rpm,123PS@6400rpm,17.7 km/litre,"Rs. 11,72,999"
260Nm@1500-3000rpm,128ps@4000rpm,17.1 km/litre,"Rs. 13,28,545"
155Nm@4850rpm,123PS@6400rpm,17.7 km/litre,"Rs. 12,87,999"
133Nm@4000rpm,100PS@6000rpm,19.1 km/litre,"Rs. 9,33,182"
133Nm@4000rpm,100PS@6000rpm,19.1 km/litre,"Rs. 8,17,867"
151Nm@4850rpm,123PS@6400rpm,17.7 km/litre,"Rs. 11,78,894"
155Nm@4850rpm,123PS@6400rpm,17.7 km/litre,"Rs. 11,62,875"
260Nm@1500-3000rpm,128ps@4000rpm,17.1 km/litre,"Rs. 14,07,871"
133Nm@4000rpm,100PS@6000rpm,,"Rs. 9,42,867"
133Nm@4000rpm,100PS@6000rpm,,"Rs. 9,99,900"
200Nm@2000rpm,109bhp@5000RPM,17 km/litre,"Rs. 8,30,127"
200Nm@2000rpm,109bhp@5000RPM,17 km/litre,"Rs. 9,15,128"
200Nm@2000rpm,109bhp@5000RPM,17 km/litre,"Rs. 10,60,129"
200Nm@2000rpm,109bhp@5000RPM,17 km/litre,"Rs. 11,84,129"
300Nm@1500rpm,115bhp@3750rpm,20 km/litre,"Rs. 8,69,131"
300Nm@1500rpm,115bhp@3750rpm,20 km/litre,"Rs. 9,50,131"
300Nm@1500rpm,115bhp@3750rpm,20 km/litre,"Rs. 10,95,129"
300Nm@1500rpm,115bhp@3750rpm,20 km/litre,"Rs. 12,14,130"
300Nm@1500rpm,115bhp@3750rpm,20 km/litre,"Rs. 11,49,800"
300Nm@1500rpm,115bhp@3750rpm,20 km/litre,"Rs. 12,69,131"
300Nm@1500rpm,115bhp@3750rpm,20 km/litre,"Rs. 9,99,000"
200Nm@1900rpm,85PS@3750rpm,21.04 km/litre,"Rs. 8,63,299"
200Nm@1900rpm,85PS@3750rpm,21.04 km/litre,"Rs. 9,64,199"
245Nm@1750rpm,110PS@4000rpm,19.98 km/litre,"Rs. 12,11,599"
245Nm@1750rpm,110PS@4000rpm,19.98 km/litre,"Rs. 12,11,599"
200Nm@1900rpm,85PS@3750rpm,21.04 km/litre,"Rs. 10,53,899"
200Nm@1900rpm,85PS@3750rpm,21.04 km/litre,"Rs. 11,30,099"
200Nm@1900rpm,85PS@3750rpm,21.04 km/litre,"Rs. 9,64,199"
153Nm@3800rpm,105PS@5250rpm,16.09 km/litre,"Rs. 8,76,500"
153Nm@3800rpm,105PS@5250rpm,16.09 km/litre,"Rs. 9,99,900"
153Nm@3800rpm,105PS@5250rpm,16.09 km/litre,"Rs. 9,99,900"
175Nm@1500-4100rpm,105PS@5000rpm,18.19 km/litre,"Rs. 11,97,500"
175Nm@1500-4100rpm,105PS@5000rpm,18.19 km/litre,"Rs. 14,49,500"
250Nm@1500-2500rpm,105PS@4400rpm,20.64 km/litre,"Rs. 9,58,500"
250Nm@1500-2500rpm,105PS@4400rpm,20.64 km/litre,"Rs. 9,99,900"
250Nm@1500-2500rpm,105PS@4400rpm,20.64 km/litre,"Rs. 12,10,500"
250Nm@1500-2500rpm,105PS@4400rpm,21.5 km/litre,"Rs. 13,36,500"
250Nm@1500-2500rpm,105PS@4400rpm,20.64 km/litre,"Rs. 13,17,500"
250Nm@1500-2500rpm,110PS@4400rpm,19.91 km/litre,"Rs. 14,49,500"
175Nm@1500-4100rpm,105PS@5000rpm,17.21 km/litre,"Rs. 13,17,500"
70Nm@1000rpm,25.8PS@3500rpm,,"Rs. 8,81,425"
70Nm@1000rpm,25.8PS@3500rpm,,"Rs. 9,57,177"
105Nm@2500RPM,41.5PS@4500rpm,,"Rs. 9,60,868"
105Nm@2500RPM,41.5PS@4500rpm,,"Rs. 9,75,868"
105Nm@2500RPM,41.5PS@4500rpm,,"Rs. 9,44,175"
145Nm@4600rpm,119PS@6600rpm,15.4 km/litre,"Rs. 9,52,900"
145Nm@4600rpm,119PS@6600rpm,15.4 km/litre,"Rs. 10,52,900"
145Nm@4600rpm,119PS@6600rpm,15.4 km/litre,"Rs. 11,67,900"
145Nm@4600rpm,119PS@6600rpm,15.4 km/litre,"Rs. 12,71,900"
145Nm@4600rpm,119PS@6600rpm,16 km/litre,"Rs. 12,85,900"
200Nm@1750rpm,100PS@3600rpm,21.9 km/litre,"Rs. 11,87,900"
200Nm@1750rpm,100PS@3600rpm,21.9 km/litre,"Rs. 12,73,900"
200Nm@1750rpm,100PS@3600rpm,21.9 km/litre,"Rs. 13,82,900"
247Nm@1800-2000rpm,105 Bhp@ 3800 rpm,13 km/litre,"Rs. 9,59,860"
247Nm@1800-2000rpm,105PS@3800rpm,13 km/litre,"Rs. 9,99,148"
247Nm@1800-2000rpm,105 Bhp@ 3800 rpm,13 km/litre,"Rs. 9,74,860"
230Nm@1400-2400rpm,85PS@3200rpm,17 km/litre,"Rs. 9,99,000"
230Nm@1400-2400rpm,85PS@3200rpm,17 km/litre,"Rs. 10,75,000"
321 Nm @ 1600 rpm,140 bhp @ 3800 rpm,,"Rs. 12,99,000"
321 Nm @ 1600 rpm,140 bhp @ 3800 rpm,,"Rs. 13,30,000"
230Nm@1400-2400rpm,85PS@3200rpm,17 km/litre,"Rs. 9,75,000"
230Nm@1400-2400rpm,85PS@3200rpm,17 km/litre,"Rs. 12,25,000"
138Nm@4400rpm,104PS@6000rpm,19.01 km/litre,"Rs. 9,84,689"
138Nm@4400rpm,104PS@6000rpm,19.01 km/litre,"Rs. 10,41,189"
138Nm@4400rpm,104PS@6000rpm,17.01 km/litre,"Rs. 10,94,689"
138Nm@4400rpm,104PS@6000rpm,17.01 km/litre,"Rs. 11,51,189"
210Nm@2000-4000RPM,143PS@5500RPM,17.1 km/litre,"Rs. 9,89,219"
280Nm@1800-2800rpm,120PS@4000RPM,18.49 km/litre,"Rs. 9,92,748"
280Nm@1800-2800rpm,120PS@4000RPM,18.49 km/litre,"Rs. 10,29,650"
280Nm@1800-2800rpm,120PS@4000RPM,18.49 km/litre,"Rs. 11,42,157"
300Nm@1750-2500rpm,121Bhp@3500rpm,17.3 km/litre,"Rs. 9,99,900"
300Nm@1750-2500rpm,121Bhp@3500rpm,17.3 km/litre,"Rs. 11,56,471"
300Nm@1750-2500rpm,121Bhp@3500rpm,17.3 km/litre,"Rs. 13,08,592"
300Nm@1750-2500rpm,121Bhp@3500rpm,17.3 km/litre,"Rs. 14,68,440"
300Nm@1750-2500rpm,121Bhp@3500rpm,17.3 km/litre,"Rs. 9,99,900"
300Nm@1750-2500rpm,121Bhp@3500rpm,17.3 km/litre,"Rs. 11,64,569"
300Nm@1750-2500rpm,121Bhp@3500rpm,17.3 km/litre,"Rs. 13,16,690"
300Nm@1750-2500rpm,121Bhp@3500rpm,17.3 km/litre,"Rs. 14,76,538"
200Nm@1400-2200rpm,75PS@3200rpm,15.4 km/litre,"Rs. 9,99,994"
280Nm@1800-2800rpm,121PS@4000rpm,10.22 km/litre,"Rs. 12,36,258"
280Nm@1800-2800rpm,121PS@4000rpm,13.5 km/litre,"Rs. 11,23,158"
280Nm@1800-2800rpm,120PS@4000RPM,15.4 km/litre,"Rs. 12,20,030"
280Nm@1800-2800rpm,120PS@4000RPM,15.4 km/litre,"Rs. 13,30,006"
320Nm@1500-2800rpm,140PS@3750rpm,15.4 km/litre,"Rs. 13,60,668"
320Nm@1500-2800rpm,140PS@3750rpm,15.4 km/litre,"Rs. 15,40,081"
320Nm@1500-2800rpm,140PS@3750rpm,15.4 km/litre,"Rs. 16,63,054"
320Nm@1500-2800rpm,140PS@3750rpm,15.4 km/litre,"Rs. 14,23,710"
250Nm@1500-2500rpm,110PS@4000rpm,21.72 km/litre,"Rs. 14,25,599"
153Nm@3750-3800rpm,105PS@5250rpm,14.84 km/litre,"Rs. 12,69,599"
250Nm@1500-2500rpm,110PS@4000rpm,21.13 km/litre,"Rs. 12,99,599"
153Nm@3750-3800rpm,105PS@5250rpm,15.41 km/litre,"Rs. 11,39,599"
320Nm@2000 - 3000rpm,140PS@4500rpm,13.85 km/litre,"Rs. 16,10,180"
330Nm@1750-2800rpm,155PS@3750rpm,15.1 km/litre,"Rs. 14,18,313"
330Nm@1750-2800rpm,155PS@3750rpm,16 km/litre,"Rs. 15,39,488"
330Nm@1750-2800rpm,155PS@3750rpm,16 km/litre,"Rs. 15,88,943"
330Nm@1750-2800rpm,155PS@3750rpm,16 km/litre,"Rs. 17,10,118"
330Nm@1750-2800rpm,155PS@3750rpm,16 km/litre,"Rs. 17,16,319"
330Nm@1750-2800rpm,155PS@3750rpm,16 km/litre,"Rs. 18,37,586"
330Nm@1750-2800rpm,155PS@3750rpm,16 km/litre,"Rs. 17,41,319"
330Nm@1750-2800rpm,155PS@3750rpm,16 km/litre,"Rs. 18,62,586"
320Nm@2000 - 3000rpm,140PS@4500rpm,13.85 km/litre,"Rs. 16,10,180"
330Nm@1750-2800rpm,155PS@3750rpm,15.1 km/litre,"Rs. 14,18,313"
330Nm@1750-2800rpm,155PS@3750rpm,16 km/litre,"Rs. 15,39,488"
330Nm@1750-2800rpm,155PS@3750rpm,16 km/litre,"Rs. 15,88,943"
330Nm@1750-2800rpm,155PS@3750rpm,16 km/litre,"Rs. 17,10,118"
330Nm@1750-2800rpm,155PS@3750rpm,16 km/litre,"Rs. 17,16,319"
330Nm@1750-2800rpm,155PS@3750rpm,16 km/litre,"Rs. 18,37,586"
330Nm@1750-2800rpm,155PS@3750rpm,16 km/litre,"Rs. 17,41,319"
330Nm@1750-2800rpm,155PS@3750rpm,16 km/litre,"Rs. 18,62,586"
330Nm@1750-2800rpm,155PS@3750rpm,16 km/litre,"Rs. 18,52,488"
330Nm@1750-2800rpm,155PS@3750rpm,16 km/litre,"Rs. 19,73,664"
360Nm@1750-2800rpm,155PS@3750rpm,16 km/litre,"Rs. 12,30,924"
91Nm@3000rpm,41PS@3500RPM,,"Rs. 12,93,214"
91Nm@3000rpm,41PS@3500RPM,,"Rs. 12,67,208"
91Nm@3000rpm,41PS@3500RPM,,"Rs. 13,03,241"
400Nm@1700-2700rpm,156PS@4000rpm,17.6 km/litre,"Rs. 16,39,374"
320Nm@1700-2700rpm,156PS@4000rpm,17.6 km/litre,"Rs. 19,29,417"
400Nm@1700-2700rpm,156PS@4000rpm,17.6 km/litre,"Rs. 19,12,593"
400Nm@1700-2700rpm,156PS@4000rpm,17.6 km/litre,"Rs. 17,96,458"
320Nm@1700-2700rpm,150PS@4000rpm,17.6 km/litre,"Rs. 13,71,864"
400Nm@1700-2700rpm,156PS@4000rpm,17.6 km/litre,"Rs. 15,31,377"
400Nm@1700-2700rpm,156PS@4000rpm,17.6 km/litre,"Rs. 16,55,587"
343Nm@1400-2800rpm,150PS@3400rpm,15.4 km/litre,"Rs. 16,05,000"
343Nm@1400-2800rpm,150PS@3400rpm,15 km/litre,"Rs. 19,27,000"
343Nm@1400-2800rpm,150PS@3400rpm,15.4 km/litre,"Rs. 16,10,000"
343Nm@1400-2800rpm,150PS@3400rpm,15.4 km/litre,"Rs. 19,32,000"
343Nm@1400-2800rpm,150PS@3400rpm,15.1 km/litre,"Rs. 21,13,000"
245Nm@4000rpm,166PS@5200rpm,10.83 km/litre,"Rs. 16,20,000"
245Nm@1200-3400RPM,166PS@3400rpm,10.83 km/litre,"Rs. 16,15,000"
245 Nm @ 4000 rpm,164 bhp @ 5200 rpm,10.75 km/litre,"Rs. 21,03,000"
343Nm@1400-2800rpm,150PS@3400rpm,11.25 km/litre,"Rs. 18,07,000"
360Nm@1200-3400rpm,174PS@3400rpm,11.25 km/litre,"Rs. 14,93,000"
360Nm@1200-3400rpm,174PS@3400rpm,11.25 km/litre,"Rs. 14,98,000"
343Nm@1400-2800rpm,150PS@3400rpm,15 km/litre,"Rs. 20,97,000"
245Nm@4000rpm,166PS@5200rpm,11.25 km/litre,"Rs. 18,92,000"
245Nm@4000rpm,166PS@5200rpm,10.75 km/litre,"Rs. 21,71,000"
343Nm@1400-2800rpm,150PS@3400rpm,15.4 km/litre,"Rs. 15,92,000"
343Nm@1400-2800rpm,150PS@3400rpm,15.1 km/litre,"Rs. 15,87,000"
250Nm@1750-2500rpm,162PS@3750rpm,16.3 km/litre,"Rs. 19,96,000"
250Nm@1750-2500rpm,162PS@3750rpm,16.3 km/litre,"Rs. 15,60,000"
250Nm@1750-2500rpm,162PS@3750rpm,14.1 km/litre,"Rs. 20,55,000"
350Nm@1750-2500rpm,173PS@3750rpm,17.1 km/litre,"Rs. 16,61,000"
350Nm@1750-2500rpm,173PS@3750rpm,17.1 km/litre,"Rs. 18,03,000"
350Nm@1750-2500rpm,173PS@3750rpm,17.1 km/litre,"Rs. 18,88,000"
350Nm@1750-2500rpm,173PS@3750rpm,17.1 km/litre,"Rs. 19,73,000"
350Nm@1750-2500rpm,173PS@3750rpm,17.1 km/litre,"Rs. 20,22,000"
350Nm@1750-2500rpm,173PS@3750rpm,16.3 km/litre,"Rs. 21,51,000"
350Nm@1750-2500rpm,173PS@3750rpm,16.3 km/litre,"Rs. 21,99,000"
250Nm@1750-2500rpm,162PS@3750rpm,16.3 km/litre,"Rs. 21,67,000"
350Nm@1750-2500rpm,173PS@3750rpm,17.1 km/litre,"Rs. 21,33,000"
350Nm@1750-2500rpm,173PS@3750rpm,16.3 km/litre,"Rs. 23,11,000"
350Nm@1750-2500rpm,173PS@3750rpm,17.1 km/litre,"Rs. 16,99,000"
250Nm@1750-2500rpm,162PS@3750rpm,16.3 km/litre,"Rs. 15,99,000"
250Nm@2500-4000rpm,163PS@5500rpm,14.1 km/litre,"Rs. 19,00,000"
250Nm@1750-2500rpm,162PS@3750rpm,16.3 km/litre,"Rs. 20,70,000"
350Nm@1750-2500rpm,173PS@3750rpm,17.1 km/litre,"Rs. 20,36,300"
350Nm@1750-2500rpm,173PS@3750rpm,16.3 km/litre,"Rs. 22,14,000"
350Nm@1750-2500rpm,173PS@3750rpm,17.1 km/litre,"Rs. 24,99,000"
350Nm@1750-2500rpm,173PS@3750rpm,17.1 km/litre,"Rs. 21,96,000"
173Nm@4000rpm,140PS@6400rpm,16.7 km/litre,"Rs. 16,45,000"
173Nm@4000rpm,140PS@6400rpm,16.7 km/litre,"Rs. 18,06,000"
173Nm@4000rpm,140PS@6400rpm,16.7 km/litre,"Rs. 18,82,000"
205Nm@1800-2800rpm,88.4PS@3800rpm,21 km/litre,"Rs. 19,36,000"
205Nm@1800-2800rpm,88.4PS@3800rpm,21 km/litre,"Rs. 17,71,000"
173Nm@4000rpm,140PS@6400rpm,16.7 km/litre,"Rs. 20,19,000"
174Nm@4300rpm,141PS@6500rpm,16.5 km/litre,"Rs. 17,93,900"
174Nm@4300rpm,141PS@6500rpm,16.5 km/litre,"Rs. 19,44,900"
174Nm@4300rpm,141PS@6500rpm,16.8 km/litre,"Rs. 21,24,900"
300Nm@2000,120ps@4000,26.8 km/litre,"Rs. 20,54,900"
300NM@2000rpm,120PS@4000RPM,26.8 km/litre,"Rs. 22,34,900"
353Nm@5000rpm,142.76PS@3500rpm,,"Rs. 20,88,000"
353Nm@5000rpm,142.76PS@3500rpm,,"Rs. 23,58,000"
440Nm@1750-2750rpm,200PS@3800rpm,,"Rs. 24,95,000"
440Nm@1750-2750rpm,200PS@3800rpm,,"Rs. 25,15,000"
440Nm@1750-2750rpm,200PS@3800rpm,,"Rs. 28,95,000"
440Nm@1750-2750rpm,200PS@3800rpm,,"Rs. 29,95,000"
440Nm@1750-2750rpm,200PS@3800rpm,,"Rs. 33,95,000"
320Nm@1450-3900rpm,180PS@6200RPM,14.12 km/litre,"Rs. 25,99,599"
250NM@1250-5000rpm,180PS@6200RPM,14.67 km/litre,"Rs. 27,79,599"
250NM@1250-5000rpm,180PS@6200RPM,13.7 km/litre,"Rs. 30,99,599"
350Nm@1500-3500rpm,177PS@4000RPM,18.19 km/litre,"Rs. 33,49,599"
350Nm@1500-3500rpm,177PS@4000RPM,18.19 km/litre,"Rs. 30,29,599"
250NM@1250-5000rpm,180PS@6200RPM,14.67 km/litre,"Rs. 25,99,599"
350Nm@1500-3500rpm,177PS@4000RPM,18.19 km/litre,"Rs. 28,49,599"
350Nm@1500-2750rpm,150PS@150rpm,16.81 km/litre,"Rs. 27,69,000"
350Nm@1500-2750rpm,150PS@3500rpm,16.81 km/litre,"Rs. 31,91,000"
450Nm@1600-2400rpm,177PS@3400rpm,12.9 km/litre,"Rs. 32,05,000"
420Nm@1600-2400rpm,177PS@3400rpm,14.24 km/litre,"Rs. 30,19,000"
420Nm@1600-2400rpm,177PS@3400rpm,14.24 km/litre,"Rs. 32,16,000"
450Nm@1600-2400rpm,177PS@3400rpm,12.9 km/litre,"Rs. 33,95,000"
245Nm@4000rpm,166PS@5200rpm,10.26 km/litre,"Rs. 29,77,000"
245Nm@4000rpm,166PS@5200rpm,10.01 km/litre,"Rs. 28,18,000"
450Nm@1600-2400rpm,177PS@3400rpm,12.9 km/litre,"Rs. 34,20,000"
470Nm@1750-2500rpm,200PS@3000rpm,10.91 km/litre,"Rs. 34,70,000"
385Nm@1600-2500rpm,160PS@3200rpm,12.62 km/litre,"Rs. 32,33,000"
385Nm@1600-2500rpm,160PS@3200rpm,12.62 km/litre,"Rs. 29,20,000"
270Nm@1750-2250rpm,116PS@4000rpm,21.15 km/litre,"Rs. 29,90,000"
280NM@1250-4600rpm,192PS@5000-6000rpm,15.75 km/litre,"Rs. 34,20,000"
340 Nm @ 1750 rpm,148 bhp @ 3500 rpm,16.25 km/litre,"Rs. 33,99,000"
400Nm@1750-2500rpm,190hp@4000rpm,20.68 km/litre,"Rs. 35,20,000"
400Nm@1750-2500rpm,190PS@4000rpm,20.68 km/litre,"Rs. 39,30,000"
400Nm@1750-2500rpm,190PS@4000rpm,20.68 km/litre,"Rs. 45,70,000"
400Nm@1750-2500rpm,187bhp@4000rpm,17.05 km/litre,"Rs. 42,40,000"
280Nm@1350-4600rpm,192hp@5000rpm,16.3 km/litre,"Rs. 38,30,000"
470Nm@2100-4800rpm,372Ps@5700rpm,,"Rs. 56,02,000"
400 Nm @ 1750 RPM,181 bhp @ 4250 rpm,21.7 km/litre,"Rs. 38,50,500"
400NM@1750rpm,190PS@400RPM,19.62 km/litre,"Rs. 41,40,000"
400NM@1750rpm,190PS@400RPM,19.62 km/litre,"Rs. 46,90,000"
400NM@1550rpm,258PS@500RPM,16.13 km/litre,"Rs. 47,90,000"
420Nm@1500-3000rpm,190PS@4000rpm,19.6 km/litre,"Rs. 44,26,500"
400Nm@1750-2500rpm,190PS@3800-4000rpm,16.9 km/litre,"Rs. 50,21,200"
400Nm@1750-2500rpm,190PS@3800-4000rpm,15.73 km/litre,"Rs. 56,21,200"
370 Nm @ 1600-4500 rpm,248 bhp @ 5000-6000 rpm,12.44 km/litre,"Rs. 50,21,200"
370 Nm @ 1600-4500 rpm,248 bhp @ 5000-6000 rpm,12.44 km/litre,"Rs. 56,21,200"
430NM@1750-2500rpm,179PS@4000rpm,15.6 km/litre,"Rs. 54,94,000"
430NM@1750-2500rpm,179PS@4000rpm,15.6 km/litre,"Rs. 59,85,000"
365Nm@1500-4500rpm,245PS@5500rpm,,"Rs. 54,94,000"
365Nm@1500-4500rpm,245PS@5500rpm,,"Rs. 59,85,000"
300Nm@1200-4000rpm,184PS@5500rpm,12 km/litre,"Rs. 58,61,062"
620Nm@1600rpm,268.7PS@3800rpm,142 km/litre,"Rs. 72,85,332"
620Nm@1600rpm,268.7PS@3800rpm,142 km/litre,"Rs. 59,64,321"
720Nm@1750-5250RPM,549bhp@5500rpm,8.5 km/litre,"Rs. 1,50,00,000"
300Nm@1200-4000rpm,184PS@5500rpm,12 km/litre,"Rs. 57,50,000"
300Nm@1200-4000rpm,184PS@5500rpm,12 km/litre,"Rs. 61,50,000"
620Nm@1600rpm,268.7PS@3800rpm,142 km/litre,"Rs. 58,50,000"
620Nm@1600rpm,268.7PS@3800rpm,142 km/litre,"Rs. 62,50,000"
480Nm@1750rpm,233PS@4250rpm,18.8 km/litre,"Rs. 59,90,000"
400NM@1750rpm,188bhp@4000RPM,16.4 km/litre,"Rs. 60,60,000"
620Nm@2000-2500RPM,265PS@4000RPM,16.4 km/litre,"Rs. 65,90,000"
350Nm@1450rpm,248bhp@5200rpm,13.32 km/litre,"Rs. 63,50,000"
400Nm@4300rpm,268PS@6350rpm,8.4 km/litre,"Rs. 63,94,000"
370Nm@1800-4000rpm,258bhp@5800-6100rpm,,"Rs. 64,26,497"
320hp@1450-2000rpm,197hp@4500-6500rpm,7.6 km/litre,"Rs. 64,90,000"
500@1600-4500rpm,340hp@5000-6000rpm,7.6 km/litre,"Rs. 78,90,000"
380Nm@1400-2400rpm,163bhp@3800rpm,,"Rs. 68,40,000"
380Nm@1400-2400rpm,163bhp@3800rpm,,"Rs. 81,90,000"
380Nm@2400rpm,163PS@4200rpm,,"Rs. 1,10,00,000"
600Nm@1500-3000rpm,249PS@4500RPM,14.75 km/litre,"Rs. 72,21,500"
600Nm@1500-3000rpm,249PS@4500RPM,14.75 km/litre,"Rs. 80,21,500"
370Nm@1600-4500rpm,252PS@4500RPM,11.68 km/litre,"Rs. 69,21,500"
370Nm@1600-4500rpm,252PS@5000-6000rpm,,"Rs. 76,21,500"
600Nm@1500-3000rpm,249PS@4500RPM,14.75 km/litre,"Rs. 81,11,500"
370Nm@1600-4500rpm,252PS@5000-6000rpm,,"Rs. 77,11,500"
340NM@1500rpm,240PS@5500rpm,15.7 km/litre,"Rs. 69,52,964"
430NM@1750-2500rpm,179PS@4000rpm,15.7 km/litre,"Rs. 72,46,802"
365Nm@1500rpm,250PS@5500RPM,12.63 km/litre,"Rs. 72,46,802"
400Nm@1600-2800RPM,194hp@3800rpm,12.06 km/litre,"Rs. 75,00,000"
470Nm@1740RPM,225PS@4250RPM,17.2 km/litre,"Rs. 87,90,000"
470Nm@1740RPM,225PS@4250RPM,17.2 km/litre,"Rs. 80,90,000"
640Nm@2200rpm,407ps@5700rpm,,"Rs. 1,31,24,000"
240Nm,320bhp,17.2 km/litre,"Rs. 96,65,000"
480 Nm @ 1750 rpm,235 bhp @ 4250 rpm,17.2 km/litre,"Rs. 84,91,500"
700Nm@3500-4000rpm,567bhp@6000-6500rpm,,"Rs. 2,05,17,853"
400Nm@1500-4000rpm,296bhp@5500rpm,,"Rs. 86,70,586"
400Nm@1500-4000rpm,296bhp@5500rpm,,"Rs. 94,48,181"
450Nm@3500-5000RPM,335bhp@6500RPM,,"Rs. 1,14,76,911"
400Nm@1500-4000rpm,296bhp@5500rpm,,"Rs. 1,56,00,000"
450Nm@3500-5000RPM,335bhp@6500RPM,,"Rs. 1,32,28,725"
625Nm@2500-5500rpm,518bhp@6000-6500rpm,,"Rs. 1,79,40,227"
600Nm @ 1750-2250 rpm,254 bhp @ 4000 rpm,,"Rs. 1,03,73,732"
600Nm @ 1750-2250 rpm,254 bhp @ 4000 rpm,,"Rs. 1,19,13,021"
740Nm@2250rpm,335bhp@3500rpm,11.5 km/litre,"Rs. 1,49,08,985"
600Nm@3500rpm,274PS@4000RPM,12.9 km/litre,"Rs. 97,38,609"
600Nm@3500rpm,274PS@4000RPM,12.9 km/litre,"Rs. 1,07,25,145"
689Nm@1800rpm,302bhp@4000RPM,12.9 km/litre,"Rs. 1,11,29,599"
450Nm@5300RPM,340bhp@6400RPM,3.4 km/litre,"Rs. 1,58,06,000"
770Nm@4500RPM,550bhp@6000RPM,16.2 km/litre,"Rs. 1,92,10,000"
450Nm@1340 - 5300rpm,335PS@5300rpm,,"Rs. 1,19,36,000"
570Nm@2000-2600rpm,275PS@4000rpm,,"Rs. 1,33,87,856"
600Nm@2000rpm,275bhp@4000RPM,,"Rs. 1,38,81,858"
600Nm@2000rpm,275bhp@4000RPM,,"Rs. 1,42,47,814"
650Nm@1600-2600rpm,265PS@3400rpm,9 km/litre,"Rs. 1,46,99,000"
700Nm@1750-5500rpm,560PS@6600RPM,9.8 km/litre,"Rs. 1,70,72,000"
625Nm@2500-5500rpm,518bhp@6000-6500rpm,9.6 km/litre,"Rs. 2,60,37,526"
700Nm@3500-5000rpm,558PS@6000-6500rpm,9.6 km/litre,"Rs. 3,25,22,000"
450Nm@3500-5000RPM,335bhp@6500RPM,11.6 km/litre,"Rs. 1,95,27,130"
700Nm@3500-5000rpm,558bhp@6000-6500RPM,10kmpl km/litre,"Rs. 4,04,99,548"
600Nm@1750-2250rpm,254bhp@3750rpm,,"Rs. 1,81,85,267"
600Nm@1750-2250rpm,254bhp@3750rpm,,"Rs. 1,95,27,130"
740Nm@1750-2250rpm,335bhp@3500rpm,,"Rs. 2,51,74,051"
740Nm@1750-2250rpm,335bhp@3500rpm,,"Rs. 3,92,94,685"
740Nm@1750-2250rpm,335bhp@3500rpm,,"Rs. 2,36,75,691"
450Nm@3500-5000RPM,335bhp@6500RPM,11.6 km/litre,"Rs. 2,13,98,758"
510Nm@4750rpm,450PS@7000rpm,9.8 km/litre,"Rs. 1,98,65,675"
650Nm@1750-4750rpm,510PS@6250rpm,7.8 km/litre,"Rs. 2,15,83,466"
700Nm@1900-5500rpm,585PS@6250rpm,7.8 km/litre,"Rs. 2,32,64,134"
630Nm@1700-5000rpm,476PS@6000rpm,7.8 km/litre,"Rs. 2,27,33,626"
700Nm@1900 rpm,639PS@6250rpm,,"Rs. 2,42,00,000"
560Nm@6500rpm,610PS@8250rpm,10.6 km/litre,"Rs. 3,71,33,704"
540Nm@6500rpm,580PS@8000rpm,11.24 km/litre,"Rs. 3,24,52,486"
560Nm@6500rpm,610PS@8250rpm,8 km/litre,"Rs. 3,51,50,732"
600Nm@6500rpm,639PS@8250rpm,10.6 km/litre,"Rs. 3,76,14,126"
540 Nm @ 6500 rpm,571 bhp @ 8000 rpm,11.24 km/litre,"Rs. 3,55,35,000"
560Nm@6500rpm,602 bhp @ 8250 rpm,10.6 km/litre,"Rs. 4,07,42,932"
600Nm@6500rpm,631Bhp@8250rpm,10.6 km/litre,"Rs. 3,73,00,000"
600Nm@6500rpm,631Bhp@8250rpm,10.6 km/litre,"Rs. 4,10,00,000"
560Nm@6500rpm,610PS@8000 rpm,10.6 km/litre,"Rs. 3,22,00,000"
760NM@3000rpm,670PS@8000rpm,5.5 km/litre,"Rs. 3,67,61,413"
760NM@3000rpm,670PS@8000rpm,5.5 km/litre,"Rs. 3,93,19,552"
760Nm@5250RPM,610PS@7000rpm,5.5 km/litre,"Rs. 4,20,00,000"
697Nm@5250RPM,681PS@8000rpm,5.5 km/litre,"Rs. 5,20,00,000"
690Nm@5500rpm,700PS@8250RPM,5 km/litre,"Rs. 4,78,93,943"
690Nm@5506RPM,700PS@8250RPM,8.8 km/litre,"Rs. 5,32,10,327"
690Nm@5500rpm,740PS@8400rpm,5 km/litre,"Rs. 4,74,67,700"
780Nm@1500-5000RPM,571PS@6000RPM,7.9 km/litre,"Rs. 5,92,16,193"
720Nm@3500rpm,453PS@5350rpm,9.8 km/litre,"Rs. 8,37,55,383"
59Nm@2500rpm,34.7PS@5000rpm,16.8 km/litre,"Rs. 2,82,778"
59Nm@2500rpm,34.7PS@5000rpm,16.8 km/litre,"Rs. 2,84,485"
104Nm@4000rpm,68PS@5000rpm,20.6 km/litre,"Rs. 4,12,292"
104Nm@4000rpm,68PS@5000rpm,20.6 km/litre,"Rs. 5,52,656"
104Nm@4000rpm,68PS@5000rpm,20.6 km/litre,"Rs. 5,74,448"
104Nm@4000rpm,68PS@5000rpm,20.6 km/litre,"Rs. 5,55,196"
104Nm@4000rpm,68PS@5000rpm,20.6 km/litre,"Rs. 5,00,575"
104Nm@4000rpm,68PS@5000rpm,20.6 km/litre,"Rs. 5,93,361"
104Nm@4000rpm,68PS@5000rpm,20.6 km/litre,"Rs. 6,15,153"
104Nm@4000rpm,78PS@5000rpm,20.6 km/litre,"Rs. 6,58,361"
104Nm@4000rpm,78PS@5000rpm,20.6 km/litre,"Rs. 6,80,153"
96Nm@2500RPM,68PS@6000rpm,15 km/litre,"Rs. 4,82,330"
197 Nm @ 1750 RPM,75 bhp @ 4000 rpm,20 km/litre,"Rs. 5,75,947"
120Nm@4250rpm,96PS@6500rpm,20.4 km/litre,"Rs. 5,23,000"
215Nm@1750-3000RPM,100PS@3750RPM,25.5 km/litre,"Rs. 6,23,000"
120Nm@4250rpm,96PS@6500rpm,20.4 km/litre,"Rs. 5,99,900"
215Nm@1750-3000RPM,100PS@3750RPM,25.5 km/litre,"Rs. 6,99,900"
120Nm@4250rpm,96PS@6500rpm,20.4 km/litre,"Rs. 6,64,900"
215Nm@1750-3000RPM,100PS@3750RPM,25.5 km/litre,"Rs. 7,64,900"
190Nm@2000rpm,75PS@4000rpm,27.39 km/litre,"Rs. 7,46,621"
190Nm@2000rpm,75PS@4000rpm,27.39 km/litre,"Rs. 8,68,221"
190Nm@2000rpm,75PS@4000rpm,27.39 km/litre,"Rs. 6,68,611"
190Nm@2000rpm,75PS@4000rpm,27.39 km/litre,"Rs. 8,07,921"
115 Nm@4000rpm,83 Bhp@6000rpm,21.4 km/litre,"Rs. 7,58,212"
115 Nm@4000rpm,83 Bhp@6000rpm,21.4 km/litre,"Rs. 8,90,212"
115 Nm@4000rpm,83 Bhp@6000rpm,21.4 km/litre,"Rs. 6,36,612"
115 Nm@4000rpm,83 Bhp@6000rpm,21.04 km/litre,"Rs. 7,68,612"
115 Nm@4000rpm,83 Bhp@6000rpm,21.4 km/litre,"Rs. 5,58,602"
115 Nm@4000rpm,83 Bhp@6000rpm,21.4 km/litre,"Rs. 6,97,912"
115 Nm@4000rpm,83 Bhp@6000rpm,21.4 km/litre,"Rs. 7,33,412"
115 Nm@4000rpm,83 Bhp@6000rpm,21.4 km/litre,"Rs. 7,89,912"
115 Nm@4000rpm,83 Bhp@6000rpm,21.04 km/litre,"Rs. 8,29,912"
114Nm@4000rpm,83PS@6000rpm,18.9 km/litre,"Rs. 5,86,428"
114Nm@4000rpm,83PS@6000rpm,19.77 km/litre,"Rs. 6,20,637"
114Nm@4000rpm,83PS@6000rpm,17.49 km/litre,"Rs. 6,52,328"
114Nm@4000rpm,83PS@6000rpm,17.49 km/litre,"Rs. 7,05,538"
114Nm@4000rpm,83PS@6000rpm,19.77 km/litre,"Rs. 6,40,537"
114Nm@4000rpm,82bhp@6000RPM,,"Rs. 6,53,452"
197Nm@1750RPM,76PS@4000RPM,19.5 km/litre,"Rs. 7,51,203"
115Nm@4500RPM,90PS@6000rpm,14.9 km/litre,"Rs. 6,46,336"
197Nm@1750RPM,76PS@4000RPM,19.5 km/litre,"Rs. 8,08,558"
134Nm@4000rpm,99PS@6000rpm,16.95 km/litre,"Rs. 7,07,025"
134Nm@4000rpm,99PS@6000rpm,16.95 km/litre,"Rs. 8,36,461"
200Nm@2000rpm,86Ps@3750rpm,22.71 km/litre,"Rs. 9,12,534"
200Nm@2000rpm,86Ps@3750rpm,22.71 km/litre,"Rs. 9,93,997"
200Nm@2000rpm,86Ps@3750rpm,22.71 km/litre,"Rs. 8,60,997"
134Nm@4000rpm,101PS@5600rpm,17.97 km/litre,"Rs. 9,93,997"
200Nm@2000rpm,86Ps@3750rpm,22.71 km/litre,"Rs. 8,77,285"
138Nm@4400rpm,103Bhp@6000rpm,19.34 km/litre,"Rs. 7,59,000"
138Nm@4400rpm,104bhp@6000rpm,19.34 km/litre,"Rs. 9,17,000"
130Nm@4400rpm,103Bhp@6000rpm,18.69 km/litre,"Rs. 9,36,000"
130Nm@4400rpm,103Bhp@6000rpm,19.34 km/litre,"Rs. 9,71,000"
180Nm@4400rpm,103Bhp@6000rpm,19.34 km/litre,"Rs. 8,34,000"
138Nm@4400rpm,104bhp@6000rpm,18.69 km/litre,"Rs. 10,13,000"
225Nm@1750rpm,95Bhp@4400rpm,24.2 km/litre,"Rs. 9,86,689"
225Nm@1750rpm,95Bhp@4400rpm,24.2 km/litre,"Rs. 10,69,689"
225Nm@1750rpm,95Bhp@4400rpm,24.2 km/litre,"Rs. 11,20,689"
180Nm@4400rpm,103Bhp@6000rpm,19.34 km/litre,"Rs. 8,87,689"
150Nm@1700-4500RPM,102PS@5500rpm,21.4 km/litre,"Rs. 7,88,913"
200Nm@1750rpm,100PS@3600rpm,25.5 km/litre,"Rs. 10,35,000"
110Nm@4800rpm,90PS@6000rpm,17.5 km/litre,"Rs. 9,25,000"
200Nm@1750rpm,100PS@3600rpm,25.5 km/litre,"Rs. 9,25,000"
110Nm@4800rpm,90PS@6000rpm,17.5 km/litre,"Rs. 8,15,000"
200Nm@1750rpm,100PS@3600rpm,25.5 km/litre,"Rs. 9,16,050"
110Nm@4800rpm,90PS@6000rpm,17.5 km/litre,"Rs. 8,08,050"
200Nm@1750rpm,100PS@3600rpm,25.5 km/litre,"Rs. 10,48,050"
110Nm@4800rpm,90PS@6000rpm,17.5 km/litre,"Rs. 9,35,050"
200Nm@1750rpm,100PS@3600rpm,25.5 km/litre,"Rs. 9,95,000"
240Nm@1600-2800rpm,84PS@3750RPM,18.49 km/litre,"Rs. 8,54,328"
240Nm@1600-2800rpm,84PS@3750RPM,18.49 km/litre,"Rs. 9,14,328"
240Nm@1600-2800rpm,84PS@3750RPM,18.49 km/litre,"Rs. 9,76,592"
240Nm@1500-2250rpm,100PS@3750RPM,18.49 km/litre,"Rs. 9,99,614"
240Nm@1500-2250rpm,100PS@3750RPM,18.49 km/litre,"Rs. 10,31,943"
240Nm@1500-2250rpm,100PS@3750RPM,18.49 km/litre,"Rs. 10,22,930"
240Nm@1500-2250rpm,100PS@3750RPM,18.49 km/litre,"Rs. 10,55,259"
200Nm@1750rpm,90PS@4000rpm,23.65 km/litre,"Rs. 8,80,689"
200Nm@1750rpm,90PS@4000rpm,23.65 km/litre,"Rs. 9,92,689"
200Nm@1750rpm,90PS@4000rpm,23.65 km/litre,"Rs. 10,43,689"
200Nm@1750rpm,90PS@4000rpm,23.65 km/litre,"Rs. 11,43,689"
142Nm@4000rpm,106PS@5600rpm,13.86 km/litre,"Rs. 9,49,999"
240Nm@1750rpm,110PS@3850rpm,20.37 km/litre,"Rs. 10,49,999"
240Nm@1750rpm,110PS@3850rpm,20.37 km/litre,"Rs. 12,99,999"
142Nm@4000rpm,106PS@5600rpm,13.86 km/litre,"Rs. 11,99,999"
218Nm@1400-2600rpm,95PS@3600rpm,13.9 km/litre,"Rs. 9,63,037"
218Nm@1400-2600rpm,95PS@3600rpm,13.9 km/litre,"Rs. 10,04,487"
280Nm@2400-2800rpm,120PS@4000RPM,14.02 km/litre,"Rs. 10,31,951"
280Nm@2400-2800rpm,120PS@4000RPM,14.02 km/litre,"Rs. 10,66,139"
280Nm@2400-2800rpm,121PS@4000rpm,14.02 km/litre,"Rs. 12,28,335"
144Nm@4500 rpm,115PS@6300rpm,16.8 km/litre,"Rs. 9,89,000"
144Nm@4500 rpm,115PS@6300rpm,16.8 km/litre,"Rs. 10,29,000"
144Nm@4500 rpm,115PS@6300rpm,16.8 km/litre,"Rs. 11,49,000"
144Nm@4500 rpm,115PS@6300rpm,16.8 km/litre,"Rs. 13,09,000"
144Nm@4500 rpm,115PS@6300rpm,16.8 km/litre,"Rs. 14,09,000"
250Nm@1500-2750rpm,114PS@4000 rpm,20 km/litre,"Rs. 10,34,000"
250Nm@1500-2750rpm,115PS@4000RPM,20 km/litre,"Rs. 11,54,000"
250Nm@1500-2750rpm,115PS@4000RPM,20 km/litre,"Rs. 12,54,000"
250Nm@1500-2750rpm,115PS@4000RPM,20 km/litre,"Rs. 13,54,000"
250Nm@1500-2750rpm,115PS@4000RPM,20 km/litre,"Rs. 15,34,000"
250Nm@1500-2750rpm,115PS@4000RPM,20 km/litre,"Rs. 16,34,000"
242Nm@1500-3200rpm,140PS@6000RPM,16.1 km/litre,"Rs. 13,79,000"
242Nm@1500-3200rpm,140PS@6000RPM,16.1 km/litre,"Rs. 15,29,000"
242Nm@1500-3200rpm,140PS@6000RPM,16.5 km/litre,"Rs. 16,29,000"
242Nm@1500-3200rpm,140PS@6000RPM,16.1 km/litre,"Rs. 16,29,000"
250Nm@1500-2750rpm,115PS@4000RPM,20 km/litre,"Rs. 14,14,000"
200Nm@1900rpm,85PS@3750rpm,20.45 km/litre,"Rs. 9,99,900"
248Nm@2250rpm,110PS@3900rpm,19.01 km/litre,"Rs. 14,64,900"
145Nm@3750rpm,104PS@5850rpm,13.24 km/litre,"Rs. 9,99,900"
200Nm@1900rpm,85PS@3750rpm,20.45 km/litre,"Rs. 12,35,700"
248Nm@2250rpm,110PS@3900rpm,19.01 km/litre,"Rs. 14,19,900"
200Nm@1900rpm,85PS@3750rpm,20.45 km/litre,"Rs. 12,35,700"
320Nm@1700-2700rpm,150PS@4000rpm,14 km/litre,"Rs. 11,09,005"
320Nm@1700-2700rpm,150PS@4000rpm,14 km/litre,"Rs. 13,35,158"
400Nm@1750-2500rpm,156PS@4000rpm,14.1 km/litre,"Rs. 14,79,574"
400Nm@1750-2500rpm,156PS@4000rpm,14.1 km/litre,"Rs. 16,43,829"
250NM,141bhp,,"Rs. 12,48,000"
350NM,168bhp,17.41 km/litre,"Rs. 13,48,000"
350NM,168bhp,17.41 km/litre,"Rs. 14,48,000"
350NM,168bhp,17.41 km/litre,"Rs. 15,88,000"
350NM,168bhp,17.41 km/litre,"Rs. 17,28,000"
250NM,141bhp,,"Rs. 13,28,000"
250NM,141bhp,,"Rs. 13,88,000"
250NM,141bhp,,"Rs. 16,28,000"
250NM,141bhp,,"Rs. 14,98,000"
250NM,141bhp,,"Rs. 15,68,000"
250NM,141bhp,,"Rs. 17,18,000"
245Nm,129PS,,"Rs. 13,99,000"
245Nm,129PS,,"Rs. 14,99,000"
245Nm,129PS,,"Rs. 15,99,000"
196Nm@4000rpm,152PS@6200rpm,14.6 km/litre,"Rs. 15,89,000"
196Nm@4000rpm,152PS@6200rpm,14.6 km/litre,"Rs. 18,49,000"
196Nm@4000rpm,152PS@6200rpm,14.6 km/litre,"Rs. 19,49,000"
196Nm@4000rpm,152PS@6200rpm,14.6 km/litre,"Rs. 20,39,000"
400NM@1750rpm,185PS@4000rpm,18.42 km/litre,"Rs. 20,79,717"
192NM@4000rpm,155PS@6200rpm,13.03 km/litre,"Rs. 18,76,656"
400NM@1750rpm,185PS@4000rpm,16.38 km/litre,"Rs. 23,64,354"
192NM@4000rpm,155PS@6200rpm,12.95 km/litre,"Rs. 21,87,384"
400NM@1750rpm,185PS@4000rpm,16.38 km/litre,"Rs. 26,97,417"
192NM@4000rpm,155PS@6200rpm,12.95 km/litre,"Rs. 23,73,522"
192NM@4000rpm,155PS@6200rpm,12.95 km/litre,"Rs. 22,46,749"
400NM@1750rpm,185PS@4000rpm,16.38 km/litre,"Rs. 24,23,720"
350Nm@1750-2500rpm,180PS@3600-4000rpm,17.42 km/litre,"Rs. 30,21,500"
350Nm@1750-2500rpm,180PS@3600-4000rpm,17.42 km/litre,"Rs. 33,21,500"
350Nm@1750-2500rpm,180PS@3600-4000rpm,17.42 km/litre,"Rs. 25,99,000"
350Nm@1750-2500rpm,180PS@3600-4000rpm,17.42 km/litre,"Rs. 28,99,000"
200Nm@1250-4000rpm,122PS@5000rpm,15.5 km/litre,"Rs. 27,85,288"
300Nm@1600-3000rpm,136PS@4400RPM,15.5 km/litre,"Rs. 28,86,871"
350Nm@1500-2750rpm,150PS@3500rpm,16.8 km/litre,"Rs. 32,83,000"
240Nm@1600-500rpm,180PS@5700rpm,16 km/litre,"Rs. 29,62,000"
280Nm@1350rpm,192PS@5500rpm,14.41 km/litre,"Rs. 34,90,000"
400NM@1750rpm,190PS@5500rpm,19.19 km/litre,"Rs. 37,40,000"
280Nm@1350rpm,192PS@5500rpm,14.41 km/litre,"Rs. 41,40,000"
280Nm@1350rpm,192PS@5500rpm,14.41 km/litre,"Rs. 42,40,000"
400Nm@1600rpm,192bhp@3800rpm,12.06 km/litre,"Rs. 40,20,000"
400Nm@1600rpm,192bhp@3800rpm,12.06 km/litre,"Rs. 46,70,000"
500Nm@1600rpm,241bhp@4200rpm,16.05 km/litre,"Rs. 49,74,750"
700Nm@1750RPM,503bhp@5500rpm,1449 km/litre,"Rs. 75,00,000"
280Nm@1600rpm,181bhp@5800rpm,12.06 km/litre,"Rs. 40,90,000"
280Nm@1600rpm,181bhp @5800rpm,12.06 km/litre,"Rs. 46,54,000"
142Nm@3600rpm,98PS@5200rpm,23.9 km/litre,"Rs. 45,09,000"
221Nm@3600-5200rpm,176Bhp@5700rpm,17.8 km/litre,"Rs. 56,95,000"
210Nm@4200-4400rpm,194PS@5700rpm,18.3 km/litre,"Rs. 60,60,000"
210Nm@4200-4400rpm,194PS@5700rpm,18.3 km/litre,"Rs. 59,90,000"
430Nm@1750-2000rpm,180ps@5500rpm,16.38 km/litre,"Rs. 64,63,780"
369Nm@1300-4000rpm,247bhp@5500rpm,21.27 km/litre,"Rs. 64,22,809"
480Nm@1740RPM,235PS@4250RPM,17.2 km/litre,"Rs. 65,31,000"
400Nm @1750-3000rpm,190ps @ 3800-4200rpm,17.2 km/litre,"Rs. 69,48,200"
500Nm@1600rpm,245PS@4200rpm,,"Rs. 73,70,000"
700Nm@1200-3200rpm,330PS@3600-4200rpm,,"Rs. 1,25,00,000"
500Nm@1600-2400RPM,245Bhp@4200RPM,,"Rs. 84,70,000"
450 Nm @ 1500 rpm,335 bhp @ 5500 rpm,13.38 km/litre,"Rs. 1,04,90,000"
620 Nm @ 1500 rpm,262 bhp @ 4000 rpm,13.38 km/litre,"Rs. 1,02,50,000"
550Nm@1850-5500rpm,431PS@7300RPM,10.75 km/litre,"Rs. 1,35,90,000"
530Nm@5000rpm,450hp@6500rpm,8.9 km/litre,"Rs. 1,74,20,000"
530Nm@5000rpm,450hp@6500rpm,9.1 km/litre,"Rs. 1,88,44,000"
637Nm@3200rpm,570PS@6800rpm,9 km/litre,"Rs. 2,12,40,272"
685Nm@2000-5000rpm,505bhp@6000rpm,8 km/litre,"Rs. 2,95,00,000"
630Nm@5500rpm,560PS@6650rpm,12.9 km/litre,"Rs. 3,88,45,823"
718 Nm @ 7000 rpm,789 bhp @ 8500 rpm,14.9 km/litre,"Rs. 5,20,00,000"
69Nm@3500rpm,48PS@6000rpm,23.7 km/litre,"Rs. 3,54,235"
69Nm@3500rpm,48PS@6000rpm,24.7 km/litre,"Rs. 3,56,559"
190NM@1750-2250RPM,75PS@4000rpm,20.7 km/litre,"Rs. 6,75,090"
114Nm@4000rpm,83PS@6000rpm,20.7 km/litre,"Rs. 5,04,990"
114Nm@4000rpm,83PS@6000rpm,20.7 km/litre,"Rs. 5,89,610"
114Nm@4000rpm,83PS@6000rpm,20.7 km/litre,"Rs. 6,42,610"
114Nm@4000rpm,83PS@6000rpm,20.7 km/litre,"Rs. 6,43,350"
114Nm@4000rpm,83PS@6000rpm,20.7 km/litre,"Rs. 7,03,350"
114Nm@4000rpm,83PS@6000rpm,20.7 km/litre,"Rs. 6,73,350"
114Nm@4000rpm,83PS@6000rpm,20.7 km/litre,"Rs. 7,18,950"
190NM@1750-2250RPM,75PS@4000rpm,20.7 km/litre,"Rs. 7,90,350"
190NM@1750-2250RPM,75PS@4000rpm,20.7 km/litre,"Rs. 8,04,450"
114Nm@6000rpm,83PS@6000rpm,20.14 km/litre,"Rs. 6,43,769"
114Nm@6000rpm,82PS@6000rpm,17.36 km/litre,"Rs. 7,33,734"
114Nm@6000rpm,82PS@6000rpm,20.14 km/litre,"Rs. 7,05,546"
114Nm@6000rpm,82PS@6000rpm,,"Rs. 7,82,346"
180Nm@1750rpm,72PS@4000rpm,,"Rs. 7,42,033"
114Nm@6000rpm,83PS@6000rpm,,"Rs. 5,81,078"
190NM@1750-2250RPM,75PS@4000rpm,25.4 km/litre,"Rs. 7,98,558"
190NM@1750-2250RPM,72PS@4000rpm,25.4 km/litre,"Rs. 8,75,358"
190NM@1750-2250RPM,75PS@4000rpm,,"Rs. 6,73,261"
104Nm@4000rpm,77PS@6000rpm,19.34 km/litre,"Rs. 6,62,880"
104Nm@4400rpm,77PS@6000rpm,19.34 km/litre,"Rs. 7,81,686"
160Nm@2000rpm,64PS@4000rpm,23.08 km/litre,"Rs. 7,43,504"
160Nm@2000rpm,64PS@4000rpm,23.08 km/litre,"Rs. 8,12,964"
195Nm@1400-2200rpm,63PS@3200rpm,15.96 km/litre,"Rs. 9,42,263"
195Nm@1400-2200rpm,63PS@3200rpm,15.96 km/litre,"Rs. 9,17,055"
195Nm@1400-2200rpm,63PS@3200rpm,15.96 km/litre,"Rs. 8,60,720"
195Nm@1400-2200rpm,63PS@3200rpm,15.96 km/litre,"Rs. 8,15,883"
195Nm@1400-2200rpm,63PS@3200rpm,15.96 km/litre,"Rs. 7,73,678"
200Nm@1750rpm,89Bhp@4000RPM,28.09 km/litre,"Rs. 11,02,689"
200Nm@1750rpm,89Bhp@4000RPM,28.09 km/litre,"Rs. 9,19,689"
200Nm@1750rpm,89Bhp@4000RPM,28.09 km/litre,"Rs. 9,80,689"
200Nm@1750rpm,89Bhp@4000RPM,28.09 km/litre,"Rs. 10,62,689"
138Nm@4400rpm,103Bhp@6000rpm,21.56 km/litre,"Rs. 8,19,689"
138Nm@4400rpm,103Bhp@6000rpm,21.56 km/litre,"Rs. 8,81,689"
138Nm@4400rpm,103Bhp@6000rpm,21.56 km/litre,"Rs. 9,58,689"
138Nm@4400rpm,103Bhp@6000rpm,21.56 km/litre,"Rs. 9,97,689"
138Nm@4400rpm,103Bhp@6000rpm,20.28 km/litre,"Rs. 9,80,689"
138Nm@4400rpm,103Bhp@6000rpm,20.28 km/litre,"Rs. 10,58,688"
138Nm@4400rpm,103Bhp@6000rpm,20.28 km/litre,"Rs. 10,98,689"
225Nm@1500-2250rpm,94Bhp@4000RPM,26.82 km/litre,"Rs. 11,38,189"
225Nm@1500-2250rpm,94Bhp@4000RPM,26.32 km/litre,"Rs. 9,97,689"
225Nm@1500-2250rpm,94Bhp@4000RPM,26.32 km/litre,"Rs. 11,09,189"
153Nm@3750-3800rpm,105PS@5250rpm,15.41 km/litre,"Rs. 9,98,599"
250Nm@1500-2500rpm,110PS@4000rpm,21.13 km/litre,"Rs. 10,06,139"
153Nm@3750-3800rpm,105PS@5250rpm,15.41 km/litre,"Rs. 8,81,916"
250Nm@1500-2500rpm,110PS@4000rpm,21.13 km/litre,"Rs. 11,29,599"
250Nm@1500-2500rpm,110PS@4000rpm,21.72 km/litre,"Rs. 12,49,599"
153Nm@3750-3800rpm,105PS@5250rpm,14.84 km/litre,"Rs. 12,43,599"
250Nm@1500-2500rpm,110PS@4000rpm,21.72 km/litre,"Rs. 13,99,599"
250Nm@1500-2500rpm,110PS@4000rpm,21.13 km/litre,"Rs. 12,73,599"
153Nm@3750-3800rpm,105PS@5250rpm,15.41 km/litre,"Rs. 11,15,599"
153Nm@3750-3800rpm,105PS@5250rpm,14.84 km/litre,"Rs. 9,99,599"
153Nm@3750-3800rpm,105PS@5250rpm,15.41 km/litre,"Rs. 9,75,599"
153Nm@3750-3800rpm,105PS@5250rpm,14.84 km/litre,"Rs. 10,99,599"
250Nm@1500-2500rpm,110PS@4000rpm,21.13 km/litre,"Rs. 11,58,599"
250Nm@1500-2500rpm,110PS@4000rpm,21.72 km/litre,"Rs. 12,73,599"
212Nm@2000-4000rpm,145PS@5500rpm,16.3 km/litre,"Rs. 9,80,970"
220Nm@1500-2750rpm,90PS@4000rpm,21.38 km/litre,"Rs. 9,99,990"
151Nm@4850rpm,123PS@6400rpm,15.29 km/litre,"Rs. 9,99,990"
151Nm@4850rpm,123PS@6400rpm,15.29 km/litre,"Rs. 12,32,534"
151Nm@4850rpm,123PS@6400rpm,15.29 km/litre,"Rs. 13,94,437"
151Nm@4850rpm,123PS@6400rpm,15.29 km/litre,"Rs. 13,77,363"
151Nm@4850rpm,123PS@6400rpm,15.29 km/litre,"Rs. 12,87,041"
220Nm@1500-2750rpm,90PS@4000rpm,21.38 km/litre,"Rs. 11,97,919"
260Nm@1900-2750rpm,128ps@4000rpm,19.67 km/litre,"Rs. 13,66,797"
260Nm@1900-2750rpm,128ps@4000rpm,19.67 km/litre,"Rs. 15,43,564"
260Nm@1900-2750rpm,128ps@4000rpm,17.01 km/litre,"Rs. 15,27,395"
260Nm@1900-2750rpm,128ps@4000rpm,19.67 km/litre,"Rs. 14,21,208"
260Nm@1900-2750rpm,128ps@4000rpm,17.01 km/litre,"Rs. 13,36,033"
151Nm@4850rpm,121bhp@6400rpm,15.29 km/litre,"Rs. 14,22,937"
260Nm@1900-2750rpm,126bhp@4000RPM,19.67 km/litre,"Rs. 15,72,064"
220Nm@1500-2750rpm,90PS@4000rpm,21.38 km/litre,"Rs. 11,07,167"
151Nm@4850rpm,123PS@6400rpm,15.29 km/litre,"Rs. 10,92,192"
151Nm@4850rpm,123PS@6400rpm,15.29 km/litre,"Rs. 12,79,983"
260Nm@1900-2750rpm,128ps@4000rpm,19.67 km/litre,"Rs. 14,14,247"
350Nm@1750-2500rpm,140PS@3750rpm,16.7 km/litre,"Rs. 13,45,363"
350Nm@1750-2500rpm,140PS@3750rpm,16.7 km/litre,"Rs. 14,71,368"
350Nm@1750-2500rpm,140PS@3750rpm,16.7 km/litre,"Rs. 15,91,368"
350Nm@1750-2500rpm,140PS@3750rpm,16.7 km/litre,"Rs. 17,21,368"
350Nm@1750-2500rpm,140PS@3750rpm,16.7 km/litre,"Rs. 17,32,231"
350Nm@1750-2500rpm,140PS@3750rpm,16.7 km/litre,"Rs. 17,30,755"
320NM@1800-2800RPM,134PS@3600RPM,10.3 km/litre,"Rs. 16,54,783"
320NM@1800-2800RPM,134HP@3600RPM,10.3 km/litre,"Rs. 18,06,813"
350Nm@1800-2800rpm,150PS@3600rpm,10.3 km/litre,"Rs. 19,99,000"
222Nm@4100RPM,167PS@6000RPM,9.62 km/litre,"Rs. 26,93,000"
300Nm@1200-1400rpm,183PS@5500rpm,13.8 km/litre,"Rs. 34,38,000"
300Nm@1600-3000rpm,136PS@4000rpm,17.9 km/litre,"Rs. 32,33,000"
300Nm@1600-3000rpm,136PS@4000rpm,17.9 km/litre,"Rs. 35,64,000"
450Nm@2250-5000rpm,360PS@6000rpm,13.8 km/litre,"Rs. 77,84,944"
350Nm@1400-3400rpm,170PS@4000RPM,17.9 km/litre,"Rs. 38,64,000"
475Nm@2250-5000rpm,375PS@6000rpm,13.8 km/litre,"Rs. 80,67,000"
175Nm@4000rpm,145PS@6200rpm,23.1 km/litre,"Rs. 43,21,237"
400Nm@1750-2500rpm,190PS@4000rpm,18.12 km/litre,"Rs. 59,30,000"
560Nm@1500-3000rpm,258PS@4000rpm,14.69 km/litre,"Rs. 66,80,000"
350Nm@1450-4800rpm,252PS@5200rpm,15.01 km/litre,"Rs. 59,80,000"
620Nm@2000-2500RPM,265PS@4000RPM,16.46 km/litre,"Rs. 68,90,000"
620Nm@2000-2500RPM,265PS@4000RPM,16.46 km/litre,"Rs. 74,50,000"
,450PS@5500rpm,7.94 km/litre,"Rs. 64,40,000"
400NM@1750rpm,188PS@4000RPM,21.76 km/litre,"Rs. 64,40,000"
480Nm@1360rpm,349PS@5400RPM,,"Rs. 85,03,000"
370Nm@1600rpm,248PS@5000RPM,10.8 km/litre,"Rs. 69,98,000"
625Nm@2500-5500rpm,495PS@6500RPM,,"Rs. 2,36,59,454"
680Nm@2500RPM,550PS@6500RPM,14.3 km/litre,"Rs. 2,21,55,390"
700Nm@3500rpm,567PS@6500rpm,12.05 km/litre,"Rs. 2,65,01,830"
700Nm@3500rpm,567PS@6500rpm,12.05 km/litre,"Rs. 2,80,04,965"
400 Nm @ 1500 rpm,297 bhp @ 5500 rpm,15.3 km/litre,"Rs. 90,92,578"
400 Nm @ 1500 rpm,297 bhp @ 5500 rpm,,"Rs. 1,01,44,987"
400 Nm @ 1500 rpm,297 bhp @ 5500 rpm,10.7 km/litre,"Rs. 1,04,19,200"
400 Nm @ 1500 rpm,297 bhp @ 5500 rpm,10.85 km/litre,"Rs. 93,66,433"
750Nm@1800-5860rpm,625PS@6000rpm,9.8 km/litre,"Rs. 1,54,90,000"
546Nm@1600-2600rpm,380PS@6000rpm,18 km/litre,"Rs. 2,32,90,000"
760NM@3000rpm,669PS@8000rpm,5.5 km/litre,"Rs. 4,33,67,500"
90Nm@3500rpm,68PS@5500rpm,22.5 km/litre,"Rs. 4,79,000"
90Nm@3500rpm,68PS@5500rpm,22.5 km/litre,"Rs. 5,26,000"
1130Nm@4200rpm,83PS@6000rpm,21.5 km/litre,"Rs. 5,48,000"
90Nm@3500rpm,68PS@5500rpm,22.5 km/litre,"Rs. 4,34,000"
113Nm@4200RPM,83PS@6000rpm,21.5 km/litre,"Rs. 5,13,501"
113Nm@4200RPM,83PS@6000rpm,21.5 km/litre,"Rs. 5,60,500"
113Nm@4200RPM,83PS@6000rpm,21.5 km/litre,"Rs. 5,94,800"
90Nm@3500rpm,68PS@5500rpm,22.5 km/litre,"Rs. 4,41,000"
90Nm@3500rpm,68PS@5500rpm,22.5 km/litre,"Rs. 4,86,001"
113Nm@4200RPM,83PS@6000rpm,21.5 km/litre,"Rs. 5,20,500"
113Nm@4200RPM,83PS@6000rpm,21.5 km/litre,"Rs. 5,67,500"
90Nm@3500rpm,68PS@5500rpm,22.5 km/litre,"Rs. 5,33,000"
90Nm@3500rpm,68PS@5500rpm,,"Rs. 5,00,500"
90Nm@3500rpm,68PS@5500rpm,,"Rs. 5,07,500"
114NM@3500rpm,85PS@6000rpm,23.84 km/litre,"Rs. 5,94,993"
140Nm@1800-3000rpm,70PS@4000rpm,27.28 km/litre,"Rs. 6,89,993"
114NM@3500rpm,85PS@6000rpm,23.84 km/litre,"Rs. 6,39,993"
240Nm@1600-2800rpm,100PS@3750RPM,17.21 km/litre,"Rs. 7,97,802"
240Nm@1600-2800rpm,100PS@3750RPM,17.21 km/litre,"Rs. 9,05,642"
240Nm@1600-2800rpm,100PS@3750RPM,17.21 km/litre,"Rs. 9,84,818"
240Nm@1600-2800rpm,100PS@3750RPM,17.21 km/litre,"Rs. 8,32,415"
240Nm@1600-2800rpm,100PS@3750RPM,16.21 km/litre,"Rs. 9,72,359"
240Nm@1600-2800rpm,100PS@3750RPM,16.21 km/litre,"Rs. 10,48,603"
142Nm@4000rpm,106PS@5600rpm,14.23 km/litre,"Rs. 9,55,000"
142Nm@4000rpm,106PS@5600rpm,14.23 km/litre,"Rs. 10,95,000"
240Nm@1750rpm,110PS@3850rpm,20.45 km/litre,"Rs. 11,09,000"
240Nm@1750rpm,110PS@3850rpm,20.45 km/litre,"Rs. 12,51,000"
240Nm@1750rpm,110PS@3850rpm,20.45 km/litre,"Rs. 13,69,000"
240Nm@1750rpm,110PS@3850rpm,20.45 km/litre,"Rs. 14,65,000"
240Nm@1750rpm,110PS@3850rpm,20.45 km/litre,"Rs. 14,65,000"
240Nm@1750rpm,110PS@3850rpm,20.45 km/litre,"Rs. 9,89,000"
190Nm@1250-3500rpm,73.5kW@4000rpm,,"Rs. 12,05,000"
395 Nm,136 bhp,,"Rs. 23,71,858"
221Nm@3600-5200rpm,178PS@5700rpm,23.2 km/litre,"Rs. 37,88,000"
400Nm @1750-3000rpm,190ps @ 3800-4200rpm,19.2 km/litre,"Rs. 60,61,200"
600Nm@2000rpm,258PS@3750rpm,18 km/litre,"Rs. 1,02,05,494"
600Nm@2000rpm,258PS@3750rpm,18 km/litre,"Rs. 96,89,321"
450Nm@3500-5000RPM,394PS@3750rpm,9.17 km/litre,"Rs. 84,33,741"
450Nm@3500-5000RPM,394PS@3750rpm,9.17 km/litre,"Rs. 80,77,550"
600Nm@2000rpm,258PS@3750rpm,18 km/litre,"Rs. 88,77,094"
450Nm@3500-5000RPM,394PS@3750rpm,9.17 km/litre,"Rs. 76,93,664"
600Nm@2000rpm,258PS@3750rpm,18 km/litre,"Rs. 1,08,61,088"
450Nm@3500-5000RPM,394PS@3750rpm,9.17 km/litre,"Rs. 89,37,846"
350Nm@5100rpm,299PS@6600rpm,15.4 km/litre,"Rs. 1,82,21,000"
350Nm@5100rpm,299PS@6600rpm,15.4 km/litre,"Rs. 1,87,36,000"
350Nm@5100rpm,299PS@6600rpm,15.4 km/litre,"Rs. 1,93,71,000"
720Nm@3500rpm,460PS@5350rpm,23 km/litre,"Rs. 9,50,00,000"
720Nm@3500rpm,460PS@5350rpm,23 km/litre,"Rs. 7,54,00,000"
96Nm@2500RPM,68PS@6000rpm,15.7 km/litre,"Rs. 5,35,562"
197Nm@1750RPM,76PS@4000RPM,20.5 km/litre,"Rs. 6,31,292"
197Nm@1750RPM,76PS@4000RPM,20.3 km/litre,"Rs. 6,92,655"
197Nm@1750RPM,76PS@4000RPM,21.2 km/litre,"Rs. 7,47,774"
140Nm@4200rpm,107PS@6000rpm,17.1 km/litre,"Rs. 9,40,000"
140Nm@4200rpm,107PS@6000rpm,17.1 km/litre,"Rs. 10,55,000"
140Nm@4200rpm,107PS@6000rpm,17.1 km/litre,"Rs. 11,74,000"
140Nm@4200rpm,107PS@6000rpm,17.8 km/litre,"Rs. 14,18,000"
140Nm@4200rpm,107PS@6000rpm,17.8 km/litre,"Rs. 11,75,000"
140Nm@4200rpm,107PS@6000rpm,17.8 km/litre,"Rs. 10,10,000"
140Nm@4200rpm,107PS@6000rpm,17.8 km/litre,"Rs. 12,94,000"
140Nm@4200rpm,107PS@6000rpm,17.1 km/litre,"Rs. 12,96,000"
140Nm@4200rpm,107PS@6000rpm,17.1 km/litre,"Rs. 11,97,000"
140Nm@4200rpm,107PS@6000rpm,17.1 km/litre,"Rs. 8,76,000"
140Nm@4200rpm,107PS@6000rpm,17.1 km/litre,"Rs. 9,74,000"
140Nm@4200rpm,107PS@6000rpm,17.1 km/litre,"Rs. 9,35,000"
140Nm@4200rpm,107PS@6000rpm,17.1 km/litre,"Rs. 10,83,000"
140Nm@4200rpm,107PS@6000rpm,17.1 km/litre,"Rs. 13,17,000"
250Nm@1500-3500rpm,140PS@6000RPM,16.7 km/litre,"Rs. 15,99,599"
320Nm@1750-3000rpm,143PS@4000rpm,21 km/litre,"Rs. 17,99,599"
250Nm@1500-3500rpm,140PS@6000RPM,16.7 km/litre,"Rs. 18,99,599"
250NM@1250-5000rpm,180PS@6200RPM,15.1 km/litre,"Rs. 20,59,599"
320Nm@1750-3000rpm,143PS@4000rpm,21 km/litre,"Rs. 20,79,599"
320Nm@1750-3000rpm,143PS@4000rpm,19.5 km/litre,"Rs. 22,99,599"
250NM@1250-5000rpm,180PS@6200RPM,15.1 km/litre,"Rs. 23,59,599"
320Nm@1750-3000rpm,143PS@4000rpm,19.5 km/litre,"Rs. 23,59,599"
250Nm@1500-3500rpm,140PS@6000RPM,16.7 km/litre,"Rs. 15,49,000"
320Nm@1750-3000rpm,141PS@4000rpm,21 km/litre,"Rs. 16,99,000"
250NM@1250-5000rpm,180PS@6200RPM,15.1 km/litre,"Rs. 19,99,599"
320Nm@1750-3000rpm,143PS@4000rpm,19.5 km/litre,"Rs. 21,99,599"
320Nm@1650-4000rpm,197PS@5500-6100rpm,13.51 km/litre,"Rs. 52,75,000"
400Nm@1600-2800RPM,194PS@3800rpm,18.18 km/litre,"Rs. 57,75,000"
450Nm@1340-5300,340PS@5300-6400,11.6 km/litre,"Rs. 1,31,51,000"
770Nm@2000-4500,550PS@5750-6000,15.3 km/litre,"Rs. 1,97,63,000"
160Nm@2000rpm,65PS@4000rpm,21 km/litre,"Rs. 7,48,370"
160Nm@2000rpm,65PS@4000rpm,21 km/litre,"Rs. 7,72,617"
280Nm@2400-2800rpm,120PS@4000RPM,21 km/litre,"Rs. 8,45,154"
400Nm@2000rpm,178PS@4000rpm,10.77 km/litre,"Rs. 29,03,750"
350Nm@1800-3500rpm,178PS@4000rpm,10.77 km/litre,"Rs. 28,35,500"
400Nm@2000-2500rpm,178PS@4000rpm,10.77 km/litre,"Rs. 29,53,240"
400Nm@2000rpm,178PS@4000rpm,10.77 km/litre,"Rs. 29,92,800"
350Nm@1800-3500rpm,178PS@4000rpm,10.77 km/litre,"Rs. 29,52,500"
660NM@1700rpm,507PS@6000rpm,4 km/litre,"Rs. 3,41,67,064"
800Nm@1600-6100rpm,616PS@6100rpm,4 km/litre,"Rs. 3,93,82,083"
145Nm@4600rpm,119PS@6600rpm,17.4 km/litre,"Rs. 9,91,000"
145Nm@4600rpm,119PS@6600rpm,17.8 km/litre,"Rs. 10,65,900"
145Nm@4600rpm,119PS@6600rpm,17.4 km/litre,"Rs. 11,82,000"
145Nm@4600rpm,119PS@6600rpm,18 km/litre,"Rs. 13,12,000"
200Nm@1750rpm,100PS@3600rpm,25.6 km/litre,"Rs. 11,11,000"
200Nm@1750rpm,100PS@3600rpm,25.6 km/litre,"Rs. 11,91,000"
200Nm@1750rpm,100PS@3600rpm,25.1 km/litre,"Rs. 13,02,000"
200Nm@1750rpm,100PS@3600rpm,25.1 km/litre,"Rs. 14,21,000"
145Nm@4600rpm,119PS@6600rpm,22.6 km/litre,"Rs. 14,31,000"
145Nm@4600rpm,119PS@6600rpm,17.8 km/litre,"Rs. 12,01,000"
441Nm@2000rpm,202ps@3800rpm,11.56 km/litre,"Rs. 68,62,560"
